X,ID_1,ID_2,ID_3,ID_4,ID_5,ID_6,ID_7,ID_8,ID_9,ID_10,ID_11,ID_12,ID_13,ID_14,ID_15,ID_16,ID_17,ID_18,ID_19,ID_20,ID_21,ID_22,ID_23,ID_24,ID_25,ID_26,ID_27,ID_28,ID_29,ID_30,ID_31,ID_32,ID_33,ID_34,ID_35,ID_36,ID_37,ID_38,ID_39,ID_40,ID_41,ID_42,ID_43,ID_44,ID_45,ID_46,ID_47,ID_48,ID_49,ID_50
22-16050408-rs149201999,0,0,0,0,0,0,0,0,0,0,0,0,0,0,0,0,0,0,0,0,0,0,1,0,0,0,0,0,0,0,0,0,0,0,0,0,0,0,0,1,0,0,0,0,0,0,0,0,0,0
22-16050612-rs146752890,0,0,0,0,0,0,0,0,0,0,0,0,0,0,0,0,0,0,0,0,0,0,1,0,0,0,0,0,0,0,0,0,0,0,0,0,0,0,0,1,0,0,0,0,0,0,0,0,0,0
22-16050678-rs139377059,0,0,0,0,0,0,0,0,0,0,0,0,0,0,0,0,0,0,0,0,0,0,1,0,0,0,0,0,0,0,0,0,0,0,0,0,0,0,0,1,0,0,0,0,0,0,0,0,0,0
22-16051107-rs6518357,0,0,0,0,0,0,0,0,0,0,0,0,0,0,0,0,0,0,0,0,0,0,1,0,0,0,0,0,0,0,0,0,0,0,0,0,0,0,0,1,0,0,0,0,0,0,0,0,0,0
22-16051249-rs62224609,0,0,0,0,1,0,0,0,0,0,0,1,0,0,0,0,0,0,1,1,1,0,0,0,0,0,0,0,0,0,0,0,0,0,0,0,0,1,0,0,0,0,0,1,0,0,0,0,0,0
22-16051347-rs62224610,1,2,0,2,1,0,1,0,0,2,0,1,2,2,1,0,2,0,1,2,1,2,1,1,0,1,0,0,0,1,2,1,0,0,1,0,0,1,0,0,0,1,1,1,1,1,1,0,1,0
22-16051453-rs143503259,0,0,0,0,1,0,0,0,0,0,0,1,0,0,0,0,0,0,1,1,1,0,0,0,0,0,0,0,0,0,0,0,0,0,0,0,0,1,0,0,0,0,0,1,0,0,0,0,0,0
22-16051480-rs79725552,0,0,0,0,0,0,0,0,0,0,0,0,0,0,0,0,0,0,0,0,0,0,1,0,0,0,0,0,0,0,0,0,0,0,0,0,0,0,0,1,0,0,0,0,0,0,0,0,0,0
22-16051497-rs141578542,1,2,0,2,1,0,1,0,0,2,0,1,2,2,1,0,2,0,1,2,1,2,1,1,0,1,0,0,0,1,2,1,0,0,1,0,0,1,0,0,0,1,1,1,1,1,1,0,1,0
22-16051882-rs2843213,0,0,0,0,0,0,0,0,0,0,0,0,0,0,0,0,0,0,0,0,0,0,1,0,0,0,0,0,0,0,0,0,0,0,0,0,0,0,0,1,0,0,0,0,0,0,0,0,0,0
22-16052080-rs4965031,1,0,0,0,0,0,0,0,0,0,0,0,0,0,0,0,0,0,0,0,0,0,0,0,0,0,0,1,0,0,0,0,0,0,0,0,0,0,0,0,0,0,0,1,0,0,1,0,0,1
22-16052239-rs6518413,1,0,2,0,0,0,0,1,1,0,1,1,0,0,0,1,0,1,0,0,0,0,1,0,1,0,1,1,1,0,0,0,1,1,1,1,1,0,0,1,1,1,1,1,0,0,1,1,1,1
22-16052250-rs4965019,1,0,0,0,0,0,0,0,0,0,0,0,0,0,0,0,0,0,0,0,0,0,1,0,0,0,0,0,0,0,0,0,0,0,0,0,0,0,0,1,0,0,0,1,0,0,1,0,0,1
22-16052513-rs149255970,1,0,2,0,0,0,0,1,1,0,1,1,0,0,0,1,0,1,1,0,0,0,0,0,1,0,1,1,1,0,0,0,1,1,1,1,1,0,0,1,1,1,1,0,0,0,0,1,1,0
22-16052618-rs148015672,1,0,1,0,0,0,0,1,1,0,1,1,0,0,0,1,0,1,1,0,0,0,0,0,0,0,1,0,0,0,0,0,1,1,0,1,1,0,0,1,1,1,1,0,0,0,0,1,1,1
22-16052656-rs2843217,0,0,0,0,0,0,0,0,0,0,0,0,0,0,0,0,0,0,0,0,0,0,1,0,0,0,0,0,0,0,0,0,0,0,0,0,0,0,0,1,0,0,0,0,0,0,0,0,0,0
22-16052838-rs2105538,0,0,0,0,0,0,0,0,0,0,0,0,0,0,0,0,0,0,0,0,0,0,1,0,0,0,0,0,0,0,0,0,0,0,0,0,0,0,0,1,0,0,0,0,0,0,0,0,0,0
22-16053001-rs142324053,1,0,0,0,0,0,0,0,0,0,0,0,0,0,0,0,0,0,0,0,0,0,0,0,0,0,0,1,0,0,0,0,0,0,0,0,0,0,0,0,0,0,0,1,0,0,1,0,0,1
22-16053197-rs147891127,0,0,0,0,0,0,0,0,0,0,0,0,0,0,0,0,0,0,0,0,0,0,1,0,0,0,0,0,0,0,0,0,0,0,0,0,0,0,0,1,0,0,0,0,0,0,0,0,0,0
22-16053435-rs141087528,0,0,0,0,0,0,0,0,0,0,0,0,0,0,0,0,0,0,0,0,0,0,1,0,0,0,0,0,0,0,0,0,0,0,0,0,0,0,0,1,0,0,0,0,0,0,0,0,0,0
22-16053444-rs80167676,0,0,1,0,0,0,0,0,0,0,0,0,0,0,0,0,0,0,0,0,0,0,0,0,1,0,0,1,1,0,0,0,0,0,1,0,0,0,0,0,0,0,0,0,0,0,0,0,0,0
22-16053509-rs142325435,0,0,0,0,0,0,0,0,0,0,0,0,0,0,0,0,0,0,0,0,0,0,0,0,0,0,0,0,0,0,0,0,0,0,0,0,0,0,0,1,0,0,0,0,0,0,0,0,0,0
22-16053659-rs141264943,0,0,0,0,2,2,1,1,1,0,1,0,0,0,1,2,0,1,0,0,1,0,0,1,1,1,1,1,1,1,2,1,1,1,0,1,2,2,2,1,2,0,0,0,2,1,0,1,0,2
22-16053727-rs141794080,0,0,0,0,0,0,0,0,0,0,0,0,0,0,0,0,0,0,0,0,0,0,1,0,0,0,0,0,0,0,0,0,0,0,0,0,0,0,0,1,0,0,0,0,0,0,0,0,0,0
22-16053730-rs117569664,0,0,1,0,0,0,0,0,0,0,0,0,0,0,0,0,0,0,0,0,0,0,0,0,1,0,0,1,1,0,0,0,0,0,1,0,0,0,0,0,0,0,0,0,0,0,0,0,0,0
22-16053758-rs915677,1,0,0,0,0,0,0,0,0,0,0,0,0,0,0,0,0,0,0,0,0,0,0,0,0,0,0,1,0,0,0,0,0,0,0,0,0,0,0,0,0,0,0,0,0,0,1,0,0,0
22-16053791-rs11703994,1,2,0,2,0,0,1,0,0,2,0,0,2,2,1,0,2,0,0,1,0,2,1,1,0,1,0,0,0,1,1,1,0,0,1,0,0,0,0,0,0,1,1,0,1,1,1,0,1,0
22-16053797-rs190464175,0,0,0,0,0,0,0,0,0,0,0,0,0,0,0,0,0,0,0,0,0,0,1,0,0,0,0,0,0,0,0,0,0,0,0,0,0,0,0,1,0,0,0,0,0,0,0,0,0,0
22-16053862-rs62224614,0,0,0,0,1,0,0,0,0,0,0,1,0,0,0,0,0,0,1,1,1,0,0,0,0,0,0,0,0,0,0,0,0,0,0,0,0,1,0,0,0,0,0,1,0,0,0,0,0,0
22-16054283-rs139976143,0,0,0,0,0,0,0,0,0,0,0,0,0,0,0,0,0,0,0,0,0,0,1,0,0,0,0,0,0,0,0,0,0,0,0,0,0,0,0,1,0,0,0,0,0,0,0,0,0,0
22-16054667-rs3013006,1,0,1,0,0,0,0,1,1,0,1,1,0,0,1,1,0,1,1,0,0,0,0,0,0,0,1,0,0,0,0,0,1,1,0,1,1,0,0,1,1,1,1,0,0,0,0,1,1,1
22-16054740-rs55926024,1,0,2,0,0,0,0,1,1,0,1,1,0,0,1,1,0,1,1,0,0,0,1,0,1,0,1,1,1,0,0,0,1,1,1,1,1,0,0,1,1,1,1,1,0,0,1,1,1,1
22-16054800-rs10154476,0,0,0,0,0,0,0,0,0,0,0,0,0,0,0,0,0,0,0,0,0,0,1,0,0,0,0,0,0,0,0,0,0,0,0,0,0,0,0,1,0,0,0,0,0,0,0,0,0,0
22-16055003-rs150314208,0,0,0,0,0,0,0,0,0,0,0,0,0,0,0,0,0,0,0,0,0,0,1,0,0,0,0,0,0,0,0,0,0,0,0,0,0,0,0,1,0,0,0,0,0,0,0,0,0,0
22-16055070-rs4389403,1,0,0,0,0,0,0,0,0,0,0,0,0,0,0,0,0,0,0,0,0,0,0,0,0,0,0,1,0,0,0,0,0,0,0,0,0,0,0,0,0,0,0,1,0,0,1,0,0,1
22-16055122-rs117246541,0,0,0,0,1,0,0,0,0,0,0,1,0,0,0,0,0,0,1,1,1,0,0,0,0,0,0,0,0,0,0,0,0,0,0,0,0,1,0,0,0,0,0,0,0,0,0,0,0,0
22-16055796-rs151049930,0,0,0,0,0,0,0,0,0,0,0,0,0,0,0,0,0,0,0,0,0,0,1,0,0,0,0,0,0,0,0,0,0,0,0,0,0,0,0,1,0,0,0,0,0,0,0,0,0,0
22-16055942-rs72613661,0,0,0,0,1,2,1,1,1,0,1,0,0,0,0,1,0,1,0,0,1,0,0,1,1,1,1,1,1,1,1,1,1,1,0,1,1,1,2,1,1,0,0,0,1,1,0,1,0,1
22-16056688-rs143509765,0,0,0,0,0,0,0,0,0,0,0,0,0,0,0,0,0,0,0,0,0,0,1,0,0,0,0,0,0,0,0,0,0,0,0,0,0,0,0,1,0,0,0,0,0,0,0,0,0,0
22-16056863-rs191142754,0,0,0,0,0,0,0,0,0,0,0,0,0,0,0,0,0,0,0,0,0,0,1,0,0,0,0,0,0,0,0,0,0,0,0,0,0,0,0,1,0,0,0,0,0,0,0,0,0,0
22-16056965-rs145922255,0,0,0,0,0,0,0,0,0,0,0,0,0,0,0,0,0,0,0,0,0,0,1,0,0,0,0,0,0,0,0,0,0,0,0,0,0,0,0,1,0,0,0,0,0,0,0,0,0,0
22-16057211-rs192918419,0,0,0,0,0,0,0,0,0,0,0,0,0,0,0,0,0,0,0,0,0,0,1,0,0,0,0,0,0,0,0,0,0,0,0,0,0,0,0,1,0,0,0,0,0,0,0,0,0,0
22-16057288-rs111809146,0,0,0,0,0,0,0,0,0,0,0,0,0,0,0,0,0,0,0,0,0,0,1,0,0,0,0,0,0,0,0,0,0,0,0,0,0,0,0,1,0,0,0,0,0,0,0,0,0,0
22-16057320-rs190581814,0,0,0,0,0,0,0,0,0,0,0,0,0,1,0,0,0,0,0,0,0,0,0,0,0,0,0,0,0,0,0,0,0,0,0,0,0,0,0,0,0,0,1,0,0,1,0,0,0,0
22-16057417-rs62224618,0,0,0,0,1,0,0,0,0,0,0,1,0,0,0,0,0,0,1,1,1,0,0,0,0,0,0,0,0,0,0,0,0,0,0,0,0,1,0,0,0,0,0,1,0,0,0,0,0,0
22-16057494-rs148738707,0,0,0,0,0,0,0,0,0,0,0,0,0,0,0,0,0,0,0,0,0,0,1,0,0,0,0,0,0,0,0,0,0,0,0,0,0,0,0,1,0,0,0,0,0,0,0,0,0,0
22-16058758-rs149413786,1,2,0,2,0,0,2,0,0,0,0,0,2,2,1,0,2,0,0,1,0,2,0,1,0,1,0,0,0,1,1,1,0,0,1,0,0,0,0,0,0,1,1,1,1,1,1,0,1,0
22-16058852-rs79783330,0,0,0,0,1,2,0,2,2,0,1,0,0,0,0,2,0,2,0,0,1,0,0,0,2,1,1,1,2,1,1,2,1,1,0,2,1,1,2,1,2,0,0,0,2,1,0,1,0,1
22-16058883-rs78382677,0,0,1,0,1,2,0,2,2,0,2,2,0,0,0,2,1,2,2,1,2,0,0,0,2,1,2,1,2,1,1,2,1,2,0,2,2,1,2,1,2,0,0,0,1,1,0,2,0,1
22-16059043-rs183928543,0,0,0,0,0,0,0,0,0,0,0,0,0,0,0,0,0,0,0,0,0,0,1,0,0,0,0,0,0,0,0,0,0,0,0,0,0,0,0,1,0,0,0,0,0,0,0,0,0,0
22-16059154-rs138849161,0,0,0,0,0,0,0,0,0,0,0,0,0,0,0,0,0,0,0,0,0,0,1,0,0,0,0,0,0,0,0,0,0,0,0,0,0,0,0,1,0,0,0,0,0,0,0,0,0,0
22-16059734-rs80010522,1,2,0,2,0,0,2,0,0,0,0,0,2,2,1,0,2,0,0,1,0,2,1,1,0,1,0,0,0,1,1,1,0,0,1,0,0,0,0,0,0,1,1,1,1,1,1,0,1,0
22-16059752-rs139717388,0,0,0,0,0,0,0,0,0,0,0,0,0,0,0,0,0,0,0,0,0,0,1,0,0,0,0,0,0,0,0,0,0,0,0,0,0,0,0,1,0,0,0,0,0,0,0,0,0,0
22-16059753-rs114433833,1,0,1,0,0,0,0,1,1,2,1,1,0,0,1,1,0,0,1,0,0,0,0,1,0,0,1,0,0,0,0,0,1,1,0,1,1,0,0,0,1,1,1,0,0,0,0,1,1,1
22-16059973-rs148791235,0,0,0,0,1,1,0,0,0,0,1,0,0,0,0,1,0,2,0,0,0,0,0,0,1,1,1,0,0,1,0,1,1,1,0,0,0,1,1,1,1,0,0,0,1,0,0,1,0,0
22-16060239-rs150928507,0,0,0,0,0,0,0,0,0,0,0,0,0,0,0,0,0,0,0,0,0,0,1,0,0,0,0,0,0,0,0,0,0,0,0,0,0,0,0,1,0,0,0,1,0,0,0,0,0,0
22-16060567-rs143164330,0,0,0,0,1,0,0,0,0,0,0,1,0,0,0,0,0,0,0,1,1,0,0,0,0,0,0,0,0,0,0,0,0,0,0,0,0,1,0,0,0,0,0,1,0,0,0,0,0,0
22-16060639-rs62224621,1,2,0,2,0,0,2,0,0,0,0,0,2,2,1,0,2,0,0,1,0,2,1,1,0,1,0,0,0,1,1,1,0,0,1,0,0,0,0,0,0,1,1,1,1,1,1,0,1,0
22-16060797-rs78316838,0,0,0,0,1,2,0,1,1,0,2,0,0,0,0,1,0,2,0,0,1,0,0,0,2,1,1,1,1,1,1,1,1,1,0,1,1,1,2,1,2,0,0,0,1,1,0,1,0,1
22-16060995-rs2843244,0,0,0,0,0,0,0,0,0,0,0,0,0,0,0,0,0,0,0,0,0,0,1,0,0,0,0,0,0,0,0,0,0,0,0,0,0,0,0,1,0,0,0,0,0,0,0,0,0,0
22-16061016-rs9617528,1,2,0,2,0,0,2,0,0,0,0,0,2,2,1,0,2,0,0,1,0,2,1,1,0,1,0,0,0,1,1,1,0,0,1,0,0,0,0,0,0,1,1,1,1,1,1,0,1,0
22-16061100-rs2844848,0,0,0,0,0,0,0,0,0,0,0,0,0,0,0,0,0,0,0,0,0,0,1,0,0,0,0,0,0,0,0,0,0,0,0,0,0,0,0,1,0,0,0,0,0,0,0,0,0,0
22-16061139-rs140028160,0,0,0,0,0,0,0,0,0,0,0,0,0,0,0,0,0,0,0,0,0,0,0,0,0,0,0,0,0,0,0,0,0,0,0,0,0,0,0,1,0,0,0,0,0,0,0,0,0,0
22-16061294-rs62224636,0,0,0,0,0,0,0,0,0,0,0,0,0,0,0,0,0,0,0,0,0,0,1,0,0,0,0,0,0,0,0,0,0,0,0,0,0,0,0,1,0,0,0,0,0,0,0,0,0,0
22-16061647-rs150986859,0,0,2,0,0,0,0,1,1,2,1,1,0,0,1,1,0,0,1,0,0,0,1,1,0,0,1,1,1,0,0,0,1,1,1,1,1,0,0,0,1,1,0,0,0,0,0,1,1,1
22-16063154-rs79600304,1,0,2,0,0,0,0,1,1,2,1,1,0,0,1,1,0,0,1,0,0,0,1,1,1,0,1,1,1,0,0,0,1,1,1,1,1,0,0,1,1,1,1,1,0,0,1,1,1,1
22-16063369-rs2844853,0,0,0,0,1,0,0,0,0,0,0,0,0,0,0,0,0,0,0,0,0,0,1,0,0,0,0,0,0,0,0,0,0,0,0,0,0,1,0,1,0,0,0,1,0,0,0,0,0,0
22-16063471-rs139413829,0,0,0,0,0,0,0,0,0,0,0,0,0,0,0,0,0,0,0,0,0,0,1,0,0,0,0,0,0,0,0,0,0,0,0,0,0,0,0,1,0,0,0,0,0,0,0,0,0,0
22-16065714-rs117032860,0,0,0,0,1,0,0,1,0,0,0,1,0,0,0,1,0,0,0,1,1,0,0,0,0,0,0,0,0,0,0,0,0,0,0,0,0,1,0,0,0,0,0,1,0,0,0,0,0,0
22-16067555-rs141208996,0,0,2,0,0,0,0,1,1,2,1,0,0,0,1,1,0,0,0,0,0,0,0,1,1,0,0,0,0,0,0,0,1,0,1,1,1,0,0,0,1,0,0,0,0,0,0,0,1,1
22-16069707-rs1811028,1,0,1,0,0,0,0,1,1,2,1,1,0,0,1,1,0,0,0,0,0,0,1,1,1,0,0,1,1,0,0,0,1,0,2,1,2,0,0,0,1,0,1,0,0,0,0,0,1,1
22-16069771-rs1811029,1,0,2,0,0,0,0,1,1,2,1,1,0,0,1,1,0,0,1,0,0,0,1,1,1,0,0,0,1,0,0,0,1,0,1,1,2,0,0,0,1,0,0,0,0,0,0,0,1,1
22-16070003-rs140813654,1,2,0,2,0,0,0,0,0,0,0,0,2,1,0,0,2,0,0,0,0,2,0,0,0,0,0,0,0,0,1,0,0,0,0,0,0,0,0,0,0,1,0,0,0,0,1,0,1,0
22-16072033-rs78295774,1,2,0,2,0,0,2,0,0,0,0,0,2,2,0,0,2,0,0,0,0,2,0,1,0,0,1,0,0,0,1,0,1,1,0,0,0,0,0,0,0,1,1,0,1,1,1,1,1,0
22-16078974-rs188606948,1,0,2,0,0,0,0,1,1,2,1,1,0,0,1,1,0,0,2,0,0,0,2,1,1,0,0,1,0,0,0,0,1,0,1,1,2,0,0,1,1,0,0,1,0,0,0,0,1,1
22-16079732-rs2508061,1,0,1,0,0,0,0,0,0,1,0,0,0,0,0,1,0,0,0,0,0,0,1,1,0,0,0,0,0,0,0,0,1,0,0,1,1,0,0,0,0,0,0,0,0,0,0,0,1,0
22-16079770-rs7284370,0,2,1,0,0,0,0,1,1,0,0,1,1,1,1,0,1,1,0,0,0,2,2,0,0,0,0,1,0,0,1,0,0,0,1,1,1,0,0,1,0,0,1,0,0,0,0,0,1,1
22-16079795-rs2508062,0,1,2,0,0,0,0,1,1,2,0,1,0,0,0,0,0,0,0,0,0,1,2,0,0,0,0,0,0,0,1,0,1,0,1,1,2,0,0,1,0,0,1,0,0,0,1,0,2,1
22-16115573-rs12628617,0,0,0,0,0,0,0,0,0,0,0,0,0,0,0,0,0,0,0,1,1,0,0,0,0,0,0,0,0,0,0,0,0,0,0,0,0,0,0,0,0,0,0,1,0,0,0,0,0,0
22-16120558-rs191469382,1,0,0,0,0,0,0,0,0,0,0,0,0,0,0,0,0,0,0,0,0,0,1,0,0,0,0,0,0,0,0,0,0,0,0,0,1,0,0,0,0,1,0,0,1,0,0,0,0,0
22-16123812-rs78836339,2,1,0,1,0,0,1,0,0,0,0,1,1,2,0,0,1,0,0,0,0,1,1,1,0,2,0,0,0,2,2,1,1,0,0,0,0,0,0,0,0,2,1,1,1,0,1,0,0,0
22-16130558-rs189697741,0,0,0,0,1,0,0,0,0,0,0,0,0,0,0,0,0,0,0,0,0,0,0,0,0,0,0,0,0,0,0,0,0,0,0,0,0,1,0,1,0,0,0,0,0,0,0,0,0,0
22-16132101-rs150753069,0,0,0,0,1,0,0,1,0,0,0,0,0,0,0,0,0,0,0,1,1,0,0,0,0,0,0,0,0,0,0,0,0,0,0,0,0,1,0,0,0,0,0,0,0,0,0,0,0,0
22-16138569-rs76926740,0,0,0,0,1,0,0,1,0,0,0,1,0,0,0,0,0,0,2,2,1,0,0,0,0,0,0,0,0,0,0,0,0,0,0,0,0,1,0,0,0,0,0,0,0,0,0,0,0,0
22-16140370-rs2096606,0,0,0,0,1,0,0,1,0,0,0,1,0,0,0,0,0,0,2,2,1,0,0,0,1,0,1,0,0,0,0,0,0,1,0,0,0,1,0,0,0,0,0,0,0,0,0,1,0,0
22-16140792-rs12162831,0,1,1,1,0,0,0,0,0,0,0,0,2,2,1,0,1,0,0,0,0,1,0,1,0,0,1,0,0,0,1,0,1,1,0,0,0,0,0,0,0,2,1,2,0,1,2,1,1,0
22-16140924-rs2212069,0,0,0,0,0,0,0,0,0,0,1,0,0,0,0,0,0,1,0,0,0,0,0,0,0,1,0,0,0,1,0,1,0,0,0,0,0,0,0,0,0,0,0,0,0,0,0,0,0,0
22-16140991-rs2713394,0,0,1,0,1,0,0,1,0,0,0,2,0,0,0,0,0,0,2,2,2,0,0,0,1,0,0,0,0,0,0,0,0,0,0,0,0,1,0,0,0,0,0,0,0,0,0,0,1,0
22-16143946-rs145324540,0,0,0,0,1,0,0,1,0,0,0,0,0,0,0,0,0,0,1,1,1,0,1,0,0,0,0,0,0,0,0,0,0,0,0,0,0,1,0,0,0,0,0,0,0,0,0,0,0,0
22-16146771-rs190325086,0,0,0,0,0,0,0,0,0,0,1,0,1,0,0,0,0,1,0,0,0,0,0,0,0,0,0,0,0,0,0,0,0,0,0,0,0,0,0,1,0,0,0,0,0,0,0,0,0,0
22-16154873-rs142259989,1,1,1,1,2,1,2,1,1,0,1,1,0,1,1,1,0,0,1,2,1,1,1,0,1,1,0,0,0,1,2,1,0,0,0,0,0,2,1,2,1,1,0,0,1,0,0,0,0,1
22-16159060-rs72613662,0,0,0,0,1,0,0,1,0,0,0,0,0,0,0,0,0,1,1,2,1,0,0,0,0,0,0,0,0,0,0,0,0,0,0,0,0,1,0,1,0,0,0,0,0,0,0,0,0,1
22-16165776-rs141865697,1,0,1,0,0,0,0,1,1,0,0,0,0,0,1,0,0,2,0,0,0,0,0,0,1,0,1,1,0,0,0,0,0,1,0,1,0,0,1,0,0,2,0,1,0,1,1,1,0,0
22-16205515-rs144309057,0,0,0,0,0,0,0,0,0,0,0,0,0,0,0,0,0,0,0,0,0,0,0,0,0,0,0,0,0,0,0,0,1,0,0,1,0,0,0,0,0,0,0,0,0,0,0,0,0,0
22-16208755-rs144647412,0,0,0,0,0,0,0,0,0,0,0,0,0,1,0,0,2,0,0,0,0,0,0,0,0,0,0,0,0,0,1,0,0,0,0,0,0,0,0,0,0,0,1,1,0,1,0,0,0,0
22-16220392-rs149908594,0,0,1,0,0,0,0,0,0,0,0,0,0,0,0,0,0,0,0,0,0,0,0,0,0,0,0,0,0,0,0,0,0,0,0,0,0,0,0,0,0,0,0,0,0,0,0,0,0,0
22-16228619-rs4819397,1,0,1,2,0,0,1,1,0,0,0,1,0,1,1,1,2,1,1,0,0,0,0,0,0,1,0,2,1,1,1,1,1,0,1,1,1,0,0,0,1,1,1,1,1,1,0,0,2,2
22-16228784-rs142940700,0,0,0,0,0,1,0,0,0,0,0,0,0,0,0,0,0,0,0,1,0,0,0,0,0,0,0,0,0,0,0,0,0,0,0,0,0,0,1,0,0,0,0,0,1,1,0,0,0,0
22-16229118-rs118061773,0,0,0,0,0,1,0,0,0,0,0,0,0,0,0,0,0,0,0,1,0,0,0,0,0,0,0,0,0,0,0,0,0,0,0,0,0,0,1,0,0,0,0,0,1,1,0,0,0,0
22-16229148-rs3001763,1,0,0,1,0,0,1,1,0,0,0,0,1,1,1,1,2,0,1,0,1,0,0,0,0,1,0,2,1,1,1,1,1,0,0,1,1,0,0,0,1,0,1,1,0,1,0,0,1,1
22-16232088-rs12627912,0,0,1,0,0,0,0,0,0,0,0,0,0,0,0,0,0,0,0,0,0,1,0,0,1,0,0,0,0,0,0,0,0,0,0,0,0,0,1,0,0,0,0,0,0,0,0,0,0,1
22-16235732-rs144666531,1,0,0,0,0,1,1,1,0,0,0,0,0,0,1,1,0,1,1,1,1,0,0,0,0,0,0,2,2,0,1,1,1,0,0,1,2,0,0,1,1,0,0,0,0,0,0,0,2,1
22-16239979-rs150212269,0,0,0,0,1,0,0,1,0,0,0,2,0,0,0,0,0,0,1,2,1,0,0,0,1,0,0,0,0,0,0,0,0,0,0,0,0,1,0,0,0,0,0,0,0,0,0,0,0,1
22-16240905-rs138139885,2,0,1,2,0,1,2,1,0,0,0,0,1,1,1,1,1,1,1,0,1,1,1,0,0,1,0,2,2,1,2,1,1,0,1,1,2,0,1,1,1,1,1,2,1,2,1,0,2,1
22-16250859-rs115879525,1,0,0,2,0,0,0,0,0,0,0,0,1,1,0,0,1,0,0,0,0,0,0,0,0,1,0,0,0,1,1,1,0,0,1,0,0,0,0,0,0,1,1,1,0,2,0,0,1,0
22-16252594-rs144755802,1,0,0,2,0,0,1,0,0,0,0,0,1,1,0,0,1,0,0,0,0,0,0,0,0,1,0,0,0,1,1,1,0,0,1,0,0,0,0,0,0,1,1,1,0,2,0,0,1,0
22-16260678-rs148271204,1,0,0,2,0,0,1,0,0,0,0,0,2,1,0,0,1,0,0,0,0,1,0,0,0,1,0,0,0,1,1,2,0,0,1,0,0,0,0,0,0,1,1,2,0,2,0,0,1,0
22-16265053-rs75783648,2,0,0,1,0,0,2,1,0,0,0,0,1,1,1,2,1,1,1,0,2,1,0,0,0,1,0,2,2,1,2,1,1,0,1,1,2,0,0,1,1,1,1,1,0,2,0,0,2,1
22-16265110-rs2212121,0,0,0,0,0,1,0,0,0,0,0,0,0,0,0,0,0,0,0,0,0,0,0,0,0,0,0,0,1,0,0,0,0,0,0,0,0,0,0,0,0,0,0,0,0,0,0,0,0,0
22-16267558-rs146675715,1,0,0,0,0,1,1,1,0,0,0,0,1,0,1,2,0,2,1,0,2,1,1,0,0,0,1,2,2,0,1,0,2,1,1,1,2,0,0,2,2,1,1,0,1,0,0,1,2,2
22-16269829-rs114833654,2,0,2,1,0,1,1,1,0,0,0,0,1,1,1,2,0,1,2,0,2,1,2,0,0,1,0,2,2,1,2,1,0,0,2,2,1,0,0,2,1,1,2,1,0,1,0,0,2,1
22-16277622-rs76384065,0,2,1,1,1,1,1,1,1,1,1,0,1,1,1,0,2,0,0,1,0,1,1,2,0,1,1,0,0,1,0,1,0,1,0,0,0,1,1,0,0,1,0,1,1,1,2,1,0,0
22-16281208-rs139144787,0,0,0,0,0,0,0,1,0,0,0,0,0,0,0,0,0,0,0,0,0,0,1,0,0,0,0,0,0,0,0,0,0,0,0,0,0,0,0,1,0,0,0,0,0,0,0,0,0,0
22-16285888-rs138085157,1,0,2,0,0,0,1,0,2,1,0,0,1,0,0,0,0,0,1,0,0,0,0,1,0,1,0,0,0,1,0,0,0,0,0,0,0,0,0,0,0,0,1,0,0,1,1,0,0,0
22-16285997-rs76773885,1,1,2,0,0,1,1,0,2,1,0,0,1,1,1,0,0,0,1,0,0,0,0,0,0,2,0,0,0,2,0,0,0,0,0,0,0,0,0,0,0,0,1,0,1,1,0,0,0,0
22-16286442-rs141944226,0,0,0,0,1,0,0,0,0,0,0,1,0,0,0,0,0,0,0,0,0,0,0,0,1,0,0,0,0,0,0,0,0,0,0,0,0,1,0,0,0,0,0,0,0,0,0,0,0,1
22-16286465-rs150703810,0,0,0,0,1,0,0,0,0,0,0,1,0,0,0,0,0,0,0,0,0,0,0,0,1,0,0,0,0,0,0,0,0,0,0,0,0,1,0,0,0,0,0,0,0,0,0,0,0,1
22-16286468-rs73387903,0,1,0,1,1,2,0,2,0,1,1,1,0,1,2,0,2,0,0,1,0,2,2,2,1,0,2,2,2,0,0,2,2,2,1,2,1,1,2,0,0,0,1,0,1,1,0,2,1,1
22-16286632-rs143857277,0,0,1,0,0,0,0,0,0,1,0,0,0,0,0,0,0,0,0,1,0,1,0,0,0,1,0,0,0,1,0,0,0,0,0,1,0,0,0,0,0,0,0,0,0,0,0,0,0,0
22-16286643-rs148422877,0,1,0,0,1,0,0,0,0,0,1,0,2,0,0,1,0,0,0,0,0,0,0,0,1,0,0,0,0,0,0,0,0,0,1,0,0,1,0,1,0,0,0,0,0,0,0,0,0,1
22-16287025-rs149701308,0,0,0,0,0,0,0,0,0,0,0,0,0,0,0,0,1,0,0,0,0,0,0,0,1,0,1,0,0,0,0,0,0,1,0,0,0,0,0,0,0,0,0,0,0,0,0,1,0,0
22-16287051-rs118134140,0,0,0,0,0,0,0,0,0,0,0,0,0,0,0,0,0,0,0,0,0,0,0,0,0,0,0,0,0,0,0,0,0,0,0,1,0,0,0,0,0,0,0,0,0,0,0,0,0,0
22-16287155-rs73877828,0,0,0,0,0,1,0,0,0,1,1,0,0,1,1,0,1,0,0,0,0,1,1,0,0,0,1,0,2,0,0,0,0,1,1,1,0,0,1,1,0,0,0,0,0,0,0,1,0,0
22-16287649-rs201243560,0,0,0,0,0,1,0,0,0,0,0,0,0,0,0,0,0,0,0,0,0,0,0,0,0,0,0,0,0,0,0,0,0,0,0,0,0,0,0,0,0,0,0,0,0,0,0,0,0,0
22-16287851-rs72485235,0,0,0,0,0,0,0,0,0,1,1,0,0,2,0,0,1,0,0,0,0,1,1,0,0,0,1,0,2,0,0,0,0,1,1,1,0,0,1,1,0,0,0,0,0,0,0,1,0,0
22-16288538-rs62224840,0,1,0,2,1,0,0,2,0,0,1,1,0,1,0,1,1,0,0,0,1,0,1,0,0,0,1,1,1,0,1,0,0,1,1,1,1,1,1,1,0,0,0,0,2,0,1,1,0,1
22-16288704-rs111550037,1,1,0,0,0,1,1,0,1,0,1,0,0,1,0,0,1,0,0,0,1,1,0,1,0,2,0,0,1,2,0,0,1,0,0,1,1,0,1,0,0,1,1,0,1,0,1,0,2,0
22-16288716-rs79916377,0,0,1,0,0,0,0,0,1,0,0,0,0,0,0,1,0,0,0,1,0,1,0,0,1,0,0,0,0,0,0,0,0,0,0,0,0,0,0,0,0,0,0,0,0,0,0,0,0,0
22-16288739-rs78888200,1,1,2,0,1,1,1,0,2,0,1,0,0,1,1,1,0,0,0,1,0,2,0,1,1,2,0,0,1,2,0,0,1,0,1,0,0,1,1,0,0,1,2,0,0,0,1,0,2,0
22-16288742-rs76462367,0,1,0,2,1,0,1,2,0,0,1,0,1,0,0,1,2,0,2,0,1,0,1,1,0,0,2,1,1,0,2,2,1,2,1,1,2,1,0,0,0,1,0,1,1,0,0,2,0,0
22-16288776-rs67775324,0,1,0,2,1,0,1,2,0,0,1,0,1,0,0,1,2,0,2,0,1,0,1,1,0,0,2,1,1,0,2,2,1,2,1,1,1,1,0,0,0,1,0,1,1,0,0,2,0,0
22-16289328-rs114934259,0,1,0,0,0,0,0,0,0,1,1,0,0,0,0,0,1,0,0,0,0,1,0,0,0,0,0,0,1,0,0,0,0,0,1,0,1,0,0,1,0,1,0,0,0,0,0,0,0,0
22-16302423-rs142725898,0,0,0,0,0,0,0,0,1,0,0,0,0,0,1,0,0,0,0,0,0,1,0,0,0,0,0,0,0,0,0,0,0,0,0,0,0,0,0,0,0,0,0,0,0,0,0,0,0,0
22-16305499-rs118033848,1,0,2,1,1,1,1,1,0,1,1,1,1,0,1,1,1,1,0,2,0,0,1,0,0,2,0,0,0,2,0,0,0,0,0,0,0,1,1,1,0,0,1,1,1,1,1,0,1,2
22-16309704-rs77499060,1,0,1,1,1,1,0,1,0,1,1,1,1,0,1,0,0,1,1,1,0,1,0,1,0,1,0,0,0,1,0,1,0,0,0,0,0,1,0,0,1,0,0,1,1,0,2,0,1,1
22-16340551-rs140299788,1,0,0,0,0,0,0,0,0,0,0,0,0,0,1,1,0,1,0,0,0,0,0,0,0,0,1,0,0,0,0,0,0,1,0,0,0,0,0,0,0,0,0,0,0,0,0,1,0,0
22-16341116-rs715491,1,0,0,0,0,0,0,1,0,0,0,0,0,0,1,2,0,1,0,0,0,0,0,0,0,0,1,1,0,0,0,0,1,1,0,1,1,0,0,1,0,0,0,0,0,0,0,1,0,0
22-16342339-rs138269854,0,0,0,0,0,0,0,0,0,0,0,0,0,0,0,0,0,0,0,0,0,0,1,0,0,0,0,0,0,0,0,0,0,0,0,0,0,0,0,0,0,0,0,0,0,0,0,0,0,0
22-16344934-rs1143975,0,0,1,0,0,0,0,0,0,0,1,0,0,1,0,0,1,1,0,1,0,0,0,0,0,0,0,1,2,0,1,0,0,0,0,1,0,0,0,1,0,0,0,1,0,0,0,0,0,1
22-16345954-rs142339544,0,0,0,1,1,0,0,1,0,0,1,1,1,0,1,0,0,1,0,0,0,0,1,0,1,0,0,0,0,0,1,0,0,0,1,0,0,1,0,0,0,0,1,0,0,0,0,0,1,1
22-16346096-rs11913576,0,0,1,1,1,0,0,1,0,0,0,1,1,0,1,0,0,1,0,0,0,0,1,0,1,0,0,0,0,0,1,0,0,0,1,0,0,1,0,0,0,0,0,0,0,0,0,0,1,1
22-16352391-rs150355155,0,0,0,0,0,0,0,0,0,1,0,0,0,0,0,0,0,1,0,0,0,0,1,1,0,0,0,0,0,0,0,0,0,0,0,0,0,0,0,1,0,0,0,0,0,0,0,0,0,0
22-16353218-rs146025012,0,0,0,0,0,0,0,0,0,0,0,0,0,0,0,0,0,0,0,0,0,0,0,0,0,0,0,0,0,0,0,0,0,0,0,0,0,0,0,1,0,0,0,0,0,0,0,0,0,0
22-16356494-rs2520626,0,0,0,0,0,1,0,0,0,0,0,0,0,1,0,0,0,0,0,1,1,0,1,0,0,1,0,0,1,1,0,0,0,0,1,0,0,0,1,1,0,0,0,0,1,0,0,0,0,0
22-16357846-rs141811899,1,0,0,0,0,0,0,0,0,0,0,0,1,0,0,1,0,0,0,0,0,1,0,0,0,0,0,1,0,0,0,0,1,0,0,0,1,0,0,0,0,1,0,0,0,0,0,0,1,0
22-16357856-rs145767612,1,0,0,0,0,0,0,0,0,0,0,0,0,0,0,0,0,0,0,0,0,0,0,0,0,0,0,1,0,0,0,0,1,0,0,0,0,0,0,0,0,0,0,0,0,0,0,0,1,0
22-16364197-rs10154709,0,0,0,0,0,0,0,0,0,0,0,0,0,0,0,0,0,0,0,0,0,0,1,0,1,0,0,0,0,0,0,0,0,0,0,0,0,0,0,1,0,0,0,0,1,0,0,0,0,0
22-16364923-rs5771604,2,1,0,0,1,0,1,1,1,0,0,0,1,0,1,2,0,1,0,1,0,1,0,0,1,0,1,1,1,0,0,1,1,1,1,1,1,1,1,1,1,0,1,1,1,0,0,1,2,1
22-16365289-rs141818524,0,1,2,1,0,0,1,1,0,0,1,0,0,2,1,1,1,1,2,1,2,1,0,0,1,0,0,1,2,0,2,2,0,0,1,1,0,0,1,1,0,0,1,2,1,1,0,0,0,1
22-16387111-rs2845267,1,1,0,0,0,0,1,0,0,0,0,0,1,1,0,0,0,0,0,0,0,1,0,0,1,1,0,0,0,1,0,1,0,0,1,0,0,0,0,0,0,1,0,0,0,0,0,0,1,0
22-16388301-rs2154872,2,1,0,0,0,0,1,2,0,0,0,0,1,1,0,1,0,1,0,0,0,1,1,0,1,1,0,2,0,1,0,1,1,0,1,1,1,0,0,1,1,1,0,0,0,0,0,0,2,0
22-16393311-rs145407433,2,1,0,1,0,0,1,1,0,0,0,0,1,1,0,2,0,0,0,0,0,1,0,0,1,1,0,1,0,1,0,1,1,0,1,1,1,0,0,1,1,1,0,1,0,0,0,0,2,0
22-16393312-rs138132527,1,0,0,0,0,0,0,1,0,0,0,0,0,0,0,2,0,0,0,0,0,0,0,0,0,0,0,1,0,0,0,0,1,0,0,1,1,0,0,1,1,0,0,0,0,0,0,0,1,0
22-16400953-rs186154733,0,0,0,0,0,0,0,0,0,0,0,0,0,0,0,0,0,0,0,0,0,0,0,0,0,0,0,0,0,0,0,0,0,0,0,0,0,0,0,1,0,0,0,0,0,0,0,0,0,0
22-16405102-rs144927715,0,0,0,0,0,0,0,0,0,0,0,0,0,0,0,0,1,0,0,0,0,0,1,0,1,0,0,0,0,0,0,0,0,0,0,0,0,0,0,0,0,0,0,0,0,0,0,0,0,0
22-16420712-rs77828151,1,0,0,0,0,0,0,0,0,0,0,0,0,0,1,2,0,0,0,0,0,0,0,0,0,0,1,1,0,0,0,0,0,1,0,1,1,0,0,0,0,0,0,0,0,0,0,1,1,0
22-16424559-rs193050994,0,0,0,0,0,0,0,0,0,0,0,0,0,0,0,0,0,0,0,0,0,0,0,0,0,0,0,0,0,0,0,0,0,0,0,0,0,0,0,1,0,0,0,0,0,0,0,0,0,0
22-16433771-rs62222525,2,1,1,0,1,1,1,1,0,0,0,0,0,1,2,2,0,0,0,2,0,1,1,0,1,1,0,1,0,1,0,1,0,0,2,1,1,1,0,0,0,1,0,1,1,0,1,0,2,0
22-16459587-rs140336022,1,0,0,0,0,0,0,1,0,0,0,0,0,0,1,2,0,0,0,0,0,0,0,0,0,0,1,1,0,0,0,0,0,1,0,0,0,0,0,0,0,0,0,0,0,0,0,1,1,0
22-16464375-rs2236634,0,0,0,0,0,0,0,0,0,0,0,0,0,0,0,0,0,0,0,0,0,0,1,0,0,0,0,0,0,0,0,0,0,0,0,0,0,0,0,1,0,0,0,0,0,0,0,0,0,0
22-16464422-rs2236636,2,1,0,1,0,1,1,1,0,0,0,0,1,1,1,2,0,0,0,1,0,1,1,0,1,1,1,1,0,1,1,1,1,1,2,1,1,0,1,1,1,1,0,1,1,0,0,1,2,0
22-16464502-rs148610680,0,0,0,0,0,1,0,0,0,0,0,0,0,0,0,0,0,0,0,0,0,0,1,0,0,0,0,0,0,0,0,0,0,0,0,0,0,0,0,1,0,0,0,0,1,0,0,0,0,0
22-16471042-rs185004031,0,0,1,0,1,1,0,0,1,2,1,0,1,0,0,0,2,2,0,2,0,0,2,2,0,1,0,1,1,1,1,0,0,0,0,0,0,1,1,1,0,1,0,1,1,1,1,0,0,2
22-16471461-rs80249085,1,2,0,2,0,0,2,0,0,0,0,0,2,2,1,1,0,0,1,0,0,2,0,0,1,1,1,0,0,1,1,1,0,1,1,0,0,0,0,0,0,1,0,2,0,0,0,1,1,0
22-16477393-rs188068250,0,0,1,1,1,0,0,1,0,2,1,1,0,0,1,0,0,1,0,0,0,0,2,1,0,0,0,1,1,0,0,0,0,0,0,0,0,1,0,2,0,0,0,0,0,1,1,0,0,1
22-16486205-rs139659485,0,0,1,1,0,0,0,0,1,0,0,0,0,0,0,0,0,0,0,0,0,0,0,1,0,0,0,0,0,0,0,1,1,0,0,0,1,0,0,0,1,0,0,0,1,1,0,0,0,1
22-16486217-rs116432166,0,0,1,1,0,0,0,0,1,0,0,0,0,0,0,0,0,0,0,0,0,0,0,1,0,0,0,0,0,0,0,1,1,0,0,0,1,0,0,0,1,0,0,0,1,1,0,0,0,1
22-16488603-rs74552073,1,2,0,1,0,1,2,0,0,0,0,0,2,2,0,0,0,0,0,0,1,2,0,0,2,1,0,1,0,1,2,2,1,0,2,0,1,0,0,0,1,2,0,2,0,0,0,0,1,0
22-16488635-rs3949130,0,0,0,0,1,2,0,0,0,0,0,0,0,0,0,0,0,0,0,0,0,0,0,0,0,0,0,1,0,0,0,0,0,0,0,0,0,1,0,0,0,0,0,0,0,0,0,0,0,0
22-16490204-rs141333102,0,0,0,0,0,0,0,0,0,0,0,0,0,0,0,0,0,0,0,0,0,0,1,0,0,0,0,0,0,0,0,0,0,0,0,0,0,0,0,1,0,0,0,0,0,0,0,0,0,0
22-16490618-rs144208691,2,1,0,1,0,1,1,1,0,0,0,0,2,1,1,2,0,0,0,1,0,1,1,0,1,1,1,1,0,1,1,1,1,1,2,1,1,0,1,1,1,1,0,1,1,1,0,1,2,0
22-16495833-rs116911124,0,0,0,0,1,1,0,1,0,0,0,1,0,0,0,0,0,0,0,0,1,0,0,0,1,0,0,0,0,0,0,0,0,0,0,0,0,1,0,0,0,0,0,0,0,0,0,0,0,0
22-16498387-rs56272738,1,0,0,0,0,0,0,1,0,0,0,0,0,0,1,2,0,0,0,0,0,0,0,0,0,0,1,1,0,0,0,0,1,1,0,1,1,0,0,1,1,0,0,0,0,0,0,1,1,0
22-16504399-rs4911642,1,1,0,1,0,0,1,0,0,1,0,0,2,1,0,0,0,0,0,0,0,1,0,0,1,1,0,0,0,1,1,1,1,0,2,0,1,0,0,0,0,1,0,1,0,0,0,0,1,0
22-16504491-rs6010340,1,1,0,1,0,0,1,0,0,0,0,0,2,1,0,0,0,0,0,0,0,1,1,0,1,1,0,1,0,1,1,1,1,0,2,0,2,0,0,1,0,1,0,1,0,0,1,0,1,0
22-16504500-rs144151085,1,1,0,1,0,0,1,0,0,0,0,0,1,1,0,0,0,0,0,0,0,1,1,0,1,1,0,0,0,1,1,1,1,0,2,0,2,0,0,1,0,1,0,1,0,0,1,0,1,0
22-16505804-rs6010342,0,0,0,0,1,0,1,1,1,2,2,2,0,0,1,0,1,2,1,1,2,1,1,1,0,1,0,1,1,1,0,0,1,0,0,0,1,1,1,1,0,1,0,0,1,0,2,0,0,2
22-16507588-rs149582909,0,0,0,0,0,0,0,0,0,0,0,0,0,0,0,0,0,0,0,0,0,0,1,0,0,0,0,0,0,0,0,0,0,0,0,0,0,0,0,1,0,0,0,0,0,0,0,0,0,0
22-16507597-rs144355890,0,0,0,0,0,1,0,0,0,0,0,0,0,0,0,0,0,0,0,1,0,0,0,0,0,0,0,0,0,0,0,0,0,0,0,0,0,0,1,0,0,0,0,0,1,1,0,0,0,0
22-16508152-rs10154456,0,0,0,0,0,0,0,0,0,0,0,0,0,0,0,0,0,0,0,0,0,0,1,0,0,0,0,0,0,0,0,0,0,0,0,0,0,0,0,1,0,0,0,0,0,0,0,0,0,0
22-16508801-rs145038732,0,0,0,0,0,1,0,0,0,0,0,0,0,0,0,0,0,0,0,1,0,0,0,0,0,0,0,0,0,0,0,0,0,0,0,0,0,0,1,0,0,0,0,0,1,1,0,0,0,0
22-16510565-rs147500076,0,0,0,0,0,0,0,0,0,0,0,0,0,0,0,0,0,0,0,0,0,0,1,0,0,0,0,0,0,0,0,0,0,0,0,0,0,0,0,1,0,0,0,0,0,0,0,0,0,0
22-16510865-rs149634182,0,0,0,0,0,0,0,0,0,0,0,0,0,0,0,0,0,0,0,0,0,0,1,0,0,0,0,0,0,0,0,0,0,0,0,0,0,0,0,1,0,0,0,0,0,0,0,0,0,0
22-16511148-rs182695289,0,0,0,0,0,0,0,0,0,0,0,0,0,0,0,0,0,0,0,0,0,0,0,0,0,0,0,0,0,0,0,0,0,0,0,0,0,0,0,1,0,0,0,0,0,0,0,0,0,0
22-16512491-rs145589858,1,1,0,1,0,0,2,0,0,0,0,0,1,1,0,0,0,0,0,0,0,1,1,0,1,1,0,0,0,1,1,1,0,0,1,0,0,0,0,1,0,1,0,1,0,0,0,0,1,0
22-16512519-rs141566095,1,1,0,1,0,0,2,0,0,0,0,0,1,1,0,0,0,0,0,0,0,1,1,0,1,1,0,0,0,1,1,1,0,0,1,0,0,0,0,1,0,1,0,1,0,0,0,0,1,0
22-16512787-rs186849518,0,0,0,0,0,1,0,0,0,0,0,0,0,0,0,0,0,0,0,1,0,0,0,0,0,0,0,0,0,0,0,0,0,0,0,0,0,0,1,0,0,0,0,0,1,1,0,0,0,0
22-16514160-rs115260912,1,0,0,0,0,0,0,1,0,0,0,0,0,0,1,2,0,0,0,0,0,0,0,0,0,0,1,1,0,0,0,0,1,1,0,1,1,0,0,1,1,0,0,0,0,0,0,1,1,0
22-16515917-rs76445111,0,0,1,1,0,0,0,0,1,0,1,0,0,1,0,0,1,0,0,0,1,0,0,0,0,0,0,0,2,0,1,1,0,0,0,1,0,0,0,0,0,0,1,1,0,1,0,0,0,2
22-16515973-rs76494180,2,2,0,1,0,1,2,1,1,0,0,0,2,1,1,2,0,0,0,1,0,2,1,0,1,1,1,1,1,1,1,1,1,1,2,1,1,0,1,1,1,2,0,1,1,1,0,1,2,0
22-16519289-rs151067819,1,0,0,1,0,1,1,0,0,0,0,0,1,0,0,0,0,0,0,0,0,0,0,0,0,1,0,0,0,1,0,1,0,0,1,0,0,0,0,0,0,1,0,1,0,0,0,0,1,0
22-16520141-rs6010269,0,0,0,0,0,0,0,0,0,0,0,0,0,0,0,0,0,0,0,0,0,0,1,0,0,0,0,0,0,0,0,0,0,0,0,0,0,0,0,1,0,0,0,0,0,0,0,0,0,0
22-16520948-rs145894598,0,0,0,0,0,0,0,0,0,0,0,0,0,0,0,0,0,0,0,0,0,0,1,0,0,0,0,0,0,0,0,0,0,0,0,0,0,0,0,1,0,0,0,0,0,0,0,0,0,0
22-16523696-rs139734002,0,0,0,0,0,0,0,0,0,0,0,0,0,0,0,0,0,0,0,0,0,0,1,0,0,0,0,0,0,0,0,0,0,0,0,0,0,0,0,1,0,0,0,0,0,0,0,0,0,0
22-16523730-rs2871148,0,0,0,0,0,0,0,0,1,1,1,0,0,0,0,0,0,0,0,0,0,0,1,0,0,0,1,1,1,0,0,0,1,1,0,0,0,0,1,2,0,0,0,0,0,0,0,1,0,0
22-16523848-rs145370346,1,0,0,0,0,0,0,1,1,1,0,0,0,0,2,2,0,0,0,0,0,0,0,1,0,0,2,2,0,0,0,0,2,2,0,1,1,0,0,1,1,0,0,0,0,0,0,2,1,0
22-16526938-rs2096643,0,0,0,0,0,0,0,0,0,0,0,0,0,0,0,0,0,0,0,0,0,0,1,0,0,0,0,0,0,0,0,0,0,0,0,0,0,0,0,1,0,0,0,0,0,0,0,0,0,0
22-16527116-rs2105560,0,0,0,0,0,0,0,0,0,0,0,0,0,0,0,0,0,0,0,0,0,0,1,0,0,0,0,0,0,0,0,0,0,0,0,0,0,0,0,1,0,0,0,0,0,0,0,0,0,0
22-16527133-rs10154548,0,0,0,0,0,0,0,0,0,0,0,0,0,0,0,0,0,0,0,0,0,0,1,0,0,0,0,0,0,0,0,0,0,0,0,0,0,0,0,1,0,0,0,0,0,0,0,0,0,0
22-16528441-rs9617284,1,0,0,0,0,0,0,1,0,0,0,0,0,0,1,2,0,0,0,0,0,0,0,0,0,0,1,1,0,0,0,0,1,1,0,1,1,0,0,1,1,0,0,0,0,0,0,1,1,0
22-16528697-rs4911672,0,0,0,0,0,0,0,0,0,0,0,0,0,0,0,0,0,0,0,0,0,0,0,0,0,0,0,0,0,0,0,0,0,0,0,0,0,0,0,1,0,0,0,0,0,0,0,0,0,0
22-16532043-rs143781175,0,0,0,0,0,0,0,0,0,0,0,0,0,0,0,0,0,0,0,0,0,0,0,0,0,0,0,0,0,0,0,0,0,0,0,0,0,0,0,1,0,0,0,0,0,0,0,0,0,0
22-16532046-rs9617168,1,0,0,0,0,0,0,1,0,0,0,0,0,0,1,2,0,0,0,0,0,0,0,0,0,0,1,1,0,0,0,0,1,1,0,1,1,0,0,1,1,0,0,0,0,0,0,1,1,0
22-16532697-rs55673616,0,0,1,1,0,0,0,0,1,0,0,0,0,0,0,0,0,0,0,0,0,0,0,0,0,0,0,0,0,0,0,1,1,0,0,0,1,0,0,0,1,0,0,0,1,0,0,0,0,1
22-16534156-rs137964151,0,0,0,0,0,0,0,0,0,0,0,0,0,1,0,0,1,0,0,0,0,0,0,0,0,0,0,0,0,0,1,0,0,0,0,0,0,0,0,0,0,0,1,1,0,1,0,0,0,0
22-16534925-rs138202104,0,0,0,0,0,0,0,0,0,0,0,0,0,0,0,0,0,0,0,0,0,0,0,0,0,0,0,0,0,0,0,0,0,0,0,0,0,0,0,1,0,0,0,0,0,0,0,0,0,0
22-16535470-rs186154910,0,0,0,0,0,0,0,0,0,0,0,0,0,0,0,0,0,0,0,0,0,0,0,0,0,0,0,0,0,0,0,0,0,0,0,0,0,0,0,1,0,0,0,0,0,0,0,0,0,0
22-16535899-rs139429997,0,0,0,0,0,0,0,0,0,0,0,0,0,0,0,0,0,0,0,0,0,0,1,0,0,0,0,0,0,0,0,0,0,0,0,0,0,0,0,1,0,0,0,0,0,0,0,0,0,0
22-16536310-rs147783986,0,0,0,0,0,0,0,0,0,0,0,0,0,0,0,0,0,0,0,0,0,0,1,0,0,0,0,0,0,0,0,0,0,0,0,0,0,0,0,1,0,0,0,0,0,0,0,0,0,0
22-16537207-rs143146530,0,0,0,0,0,1,0,0,0,0,0,0,0,0,0,0,0,0,0,1,0,0,0,0,0,0,0,0,0,0,0,0,0,0,0,0,0,0,1,0,0,0,0,0,1,1,0,0,0,0
22-16537357-rs1118465,2,1,0,1,0,0,2,1,0,0,1,0,2,1,1,2,0,0,0,0,0,2,0,0,2,2,1,1,0,2,1,1,2,1,2,1,2,0,0,1,1,2,0,1,0,1,0,1,2,0
22-16537460-rs4519646,0,0,0,0,0,0,0,0,0,0,0,0,0,0,0,0,0,0,0,0,0,0,1,0,0,0,0,0,0,0,0,0,0,0,0,0,0,0,0,1,0,0,0,0,0,0,0,0,0,0
22-16537718-rs10154296,0,0,0,0,0,0,0,0,0,0,0,0,0,0,0,0,0,0,0,0,0,0,1,0,0,0,0,0,0,0,0,0,0,0,0,0,0,0,0,1,0,0,0,0,0,0,0,0,0,0
22-16538532-rs148559327,0,0,0,0,0,0,0,1,0,0,0,0,0,0,0,0,0,1,0,0,0,0,1,0,0,0,0,0,0,0,0,0,0,0,0,0,0,0,0,1,0,0,0,0,0,0,0,0,0,0
22-16540138-rs12483914,0,0,0,0,0,0,0,0,0,1,0,0,0,0,0,0,0,0,0,0,0,0,1,0,0,0,0,0,0,0,0,0,0,0,0,0,0,0,0,1,0,0,0,0,0,0,0,0,0,0
22-16540701-rs192845883,0,0,0,0,0,0,0,0,0,0,0,0,0,0,0,0,0,0,0,0,0,0,1,0,0,0,0,0,0,0,0,0,0,0,0,0,0,0,0,1,0,0,0,0,0,0,0,0,0,0
22-16540702-rs75770368,2,1,0,1,0,1,2,1,0,0,0,0,1,1,1,2,0,0,0,1,0,1,1,0,1,1,1,1,0,1,0,1,1,1,2,1,1,0,1,2,1,1,0,1,1,1,0,1,2,0
22-16541059-rs148876765,0,0,0,0,0,0,0,0,0,0,0,0,0,0,0,0,0,0,0,0,0,0,1,0,0,0,0,0,0,0,0,0,0,0,0,0,0,0,0,1,0,0,0,0,0,0,0,0,0,0
22-16541711-rs63749484,1,1,0,1,0,0,1,0,0,0,0,0,1,0,0,0,0,0,0,0,0,0,0,0,0,1,0,0,0,1,0,1,0,0,1,0,0,0,0,0,0,1,0,1,0,0,0,0,1,0
22-16545823-rs146482223,0,0,0,0,0,1,0,0,0,0,0,0,0,0,0,0,0,0,0,1,0,0,0,0,0,0,0,0,0,0,0,0,0,0,0,0,0,0,1,0,0,0,0,0,1,1,0,0,0,0
22-16546539-rs183770296,0,0,0,0,0,0,0,0,0,0,0,0,0,0,0,0,0,0,0,0,0,0,1,0,0,0,0,0,0,0,0,0,0,0,0,0,0,0,0,1,0,0,0,0,0,0,0,0,0,0
22-16547075-rs149248677,0,0,0,0,0,1,0,0,0,0,0,0,0,0,0,0,0,0,0,1,0,0,0,0,0,0,0,0,0,0,0,0,0,0,0,0,0,0,1,0,0,0,0,0,1,1,0,0,0,0
22-16549683-rs4552291,0,0,0,0,0,1,0,0,0,0,0,0,0,0,0,0,0,0,0,1,0,0,1,0,0,0,0,0,0,0,0,0,0,0,0,0,0,0,0,1,0,0,0,0,0,1,0,0,0,0
22-16550486-rs151226223,0,0,0,0,0,0,0,0,0,0,0,0,0,0,0,0,0,0,0,0,0,0,0,0,0,0,0,0,0,0,0,0,0,0,0,0,0,0,0,1,0,0,0,0,0,0,0,0,0,0
22-16551319-rs145179935,0,0,0,0,0,0,0,0,0,0,0,0,0,0,0,0,0,0,0,0,0,0,0,0,0,0,0,0,0,0,0,0,0,0,0,0,0,0,0,1,0,0,0,0,0,0,0,0,0,0
22-16554134-rs8175911,0,0,0,0,0,0,0,0,0,0,0,0,0,0,0,0,0,0,0,0,0,0,1,0,0,0,0,0,0,0,0,0,0,0,0,0,0,0,0,1,0,0,0,0,0,0,0,0,0,0
22-16554499-rs117120972,0,0,0,0,0,0,0,0,0,1,0,0,0,0,0,0,0,1,0,1,0,0,0,0,1,0,0,0,0,0,0,0,0,0,1,0,0,0,0,0,0,0,0,0,0,0,0,0,0,0
22-16554781-rs12628869,0,0,0,0,0,1,0,0,0,0,0,0,0,0,0,0,0,0,0,1,0,0,0,0,0,0,0,0,0,0,0,0,0,0,0,0,0,0,1,0,0,0,0,0,1,1,0,0,0,0
22-16554886-rs78922722,0,0,0,1,0,0,0,0,0,0,0,0,0,1,0,0,1,0,0,0,0,0,0,0,0,0,0,0,0,0,1,0,0,0,0,0,0,0,0,0,0,0,1,1,0,1,0,0,0,0
22-16555011-rs141195732,0,0,0,0,0,0,0,0,0,1,0,0,0,0,0,0,0,1,0,1,0,0,0,0,1,0,0,0,0,0,0,0,0,0,1,0,0,0,0,0,0,0,0,0,0,0,0,0,0,0
22-16555061-rs10154776,0,0,0,0,0,0,0,0,0,0,0,0,0,0,0,0,0,0,0,0,0,0,1,0,0,0,0,0,0,0,0,0,0,0,0,0,0,0,0,1,0,0,0,0,0,0,0,0,0,0
22-16555977-rs191910049,0,0,0,0,0,0,0,0,0,0,0,0,0,0,0,0,0,0,0,0,0,0,1,0,0,0,0,0,0,0,0,0,0,0,0,0,0,0,0,1,0,0,0,0,0,0,0,0,0,0
22-16557488-rs150236477,0,0,0,0,0,1,0,0,0,0,0,0,0,0,0,0,0,0,0,1,0,0,0,0,0,0,0,0,0,0,0,0,0,0,0,0,0,0,1,0,0,0,0,0,1,1,0,0,0,0
22-16557757-rs140705693,2,1,0,1,0,0,1,1,0,0,0,0,2,1,1,2,0,0,0,0,0,1,1,0,1,1,1,2,0,1,0,1,2,1,2,1,2,0,0,1,2,1,0,1,0,0,0,1,2,0
22-16559906-rs11167355,0,0,0,0,0,0,0,0,0,0,0,0,0,0,0,0,0,0,0,0,0,0,1,0,0,0,0,0,0,0,0,0,0,0,0,0,0,0,0,1,0,0,0,0,0,0,0,0,0,0
22-16563359-rs189416318,0,0,0,0,0,1,0,1,0,0,0,0,0,1,0,0,1,0,0,0,0,0,0,0,0,0,0,0,0,0,0,0,0,0,2,0,0,0,1,0,0,0,0,1,1,2,0,0,0,0
22-16565738-rs150926708,0,0,0,0,0,0,0,0,0,0,0,0,0,0,0,0,0,0,0,0,0,0,1,0,0,0,0,0,0,0,0,0,0,0,0,0,0,0,0,1,0,0,0,0,0,0,0,0,0,0
22-16566312-rs72485242,0,0,0,0,0,0,0,0,0,1,0,0,0,0,0,0,0,1,0,1,0,0,0,0,1,0,0,0,0,0,0,0,0,0,1,0,0,0,0,0,0,0,0,0,0,0,0,0,0,0
22-16566314-rs149532599,0,0,0,0,0,0,0,0,0,0,0,0,0,0,0,0,0,0,0,0,0,0,1,0,0,0,0,0,0,0,0,0,0,0,0,0,0,0,0,1,0,0,0,0,0,0,0,0,0,0
22-16566347-rs1988770,0,0,0,0,0,0,0,0,0,1,0,0,0,0,0,0,0,1,0,1,0,0,1,0,0,0,0,0,0,0,0,0,0,0,1,0,0,0,0,1,0,0,0,0,0,0,0,0,0,0
22-16566779-rs146209410,0,1,1,0,2,0,1,0,2,1,1,0,1,0,1,0,0,1,1,0,0,1,1,2,0,1,1,0,0,1,1,0,1,1,0,0,0,2,1,0,1,1,1,0,1,0,2,1,0,0
22-16568293-rs9617301,0,0,0,0,0,0,0,0,0,0,0,0,0,0,0,0,0,0,0,0,0,0,0,0,0,0,0,0,0,0,0,0,0,0,0,0,0,0,0,0,0,0,0,0,0,0,0,0,0,0
22-16569883-rs144166234,0,0,0,0,0,0,0,0,0,0,0,0,0,0,0,0,0,0,0,0,0,0,1,0,0,0,0,0,0,0,0,0,0,0,0,0,0,0,0,1,0,0,0,0,0,0,0,0,0,0
22-16575479-rs117959655,0,0,0,0,0,1,0,0,0,0,0,0,0,0,0,0,0,0,0,1,0,0,0,0,0,0,0,0,0,0,0,0,0,0,0,0,0,0,1,0,0,0,0,0,1,1,0,0,0,0
22-16576961-rs145656751,0,0,0,0,0,0,0,0,0,1,0,0,0,0,0,0,0,1,0,1,0,0,0,0,1,0,0,0,0,0,0,0,0,0,1,0,0,0,0,0,0,0,0,0,0,0,0,0,0,0
22-16577794-rs138770604,0,0,0,0,0,0,0,0,0,0,0,0,0,0,0,0,0,0,0,0,0,0,1,0,0,0,0,0,0,0,0,0,0,0,0,0,0,0,0,1,0,0,0,0,0,0,0,0,0,0
22-16580254-rs62221126,1,1,0,1,0,0,1,0,0,0,0,0,1,1,0,0,0,0,0,0,0,1,0,0,1,1,0,0,0,1,0,1,0,0,1,0,0,0,0,0,0,1,0,1,0,0,0,0,1,0
22-16581136-rs186036687,0,0,0,0,0,0,0,0,0,0,0,0,0,0,0,0,0,0,0,0,0,0,0,0,0,0,0,0,0,0,0,0,0,0,0,0,0,0,0,0,0,0,0,0,0,0,0,0,0,0
22-16581158-rs138206119,2,1,0,1,0,1,1,1,0,1,0,0,1,1,1,2,0,1,0,1,0,1,1,0,1,1,1,1,0,1,0,1,1,1,2,1,1,0,1,1,1,1,0,1,1,1,0,1,2,1
22-16581253-rs148332460,0,0,0,0,0,0,0,0,0,0,0,0,0,0,0,0,0,0,0,0,0,0,1,0,0,0,0,0,0,0,0,0,0,0,0,0,0,0,0,0,0,0,0,0,0,0,0,0,0,0
22-16581386-rs138475853,0,0,0,0,0,0,0,0,0,0,0,0,0,0,0,0,0,0,0,0,0,0,1,0,0,0,0,0,0,0,0,0,0,0,0,0,0,0,0,1,0,0,0,0,0,0,0,0,0,0
22-16582216-rs141626260,0,0,0,0,0,0,0,0,0,1,0,0,0,0,0,0,0,1,0,1,0,0,0,0,1,0,0,0,0,0,0,0,0,0,1,0,0,0,0,0,0,0,0,0,0,0,0,0,0,0
22-16582221-rs146256635,0,0,0,0,0,0,0,0,0,0,0,0,0,0,0,0,0,0,0,0,0,0,1,0,0,0,0,0,0,0,0,0,0,0,0,0,0,0,0,1,0,0,0,0,0,0,0,0,0,0
22-16583965-rs139611507,0,0,0,0,0,1,0,0,0,0,0,0,0,0,0,0,0,0,0,1,0,0,0,0,0,0,0,0,0,0,0,0,0,0,0,0,0,0,1,0,0,0,0,0,1,1,0,0,0,0
22-16586450-rs148701552,0,0,0,0,0,0,0,0,0,0,0,0,0,0,0,0,0,0,0,0,0,0,1,0,0,0,0,0,0,0,0,0,0,0,0,0,0,0,0,1,0,0,0,0,0,0,0,0,0,0
22-16588634-rs138591521,0,0,0,0,0,0,0,0,0,0,0,0,0,0,0,0,0,0,0,0,0,0,1,0,0,0,0,0,0,0,0,0,0,0,0,0,0,0,0,1,0,0,0,0,0,0,0,0,0,0
22-16589673-rs151261992,0,0,0,0,0,0,0,0,0,0,0,0,0,0,0,0,0,0,0,0,0,0,1,0,0,0,0,0,0,0,0,0,0,0,0,0,0,0,0,1,0,0,0,0,0,0,0,0,0,0
22-16590536-rs8190080,0,0,0,0,0,0,0,0,0,0,0,0,0,0,0,0,0,0,0,0,0,0,1,0,0,0,0,0,0,0,0,0,0,0,0,0,0,0,0,1,0,0,0,0,0,0,0,0,0,0
22-16590657-rs73154734,1,0,0,0,0,0,0,1,0,0,0,0,0,0,1,2,0,0,0,0,0,0,0,0,0,0,1,1,0,0,0,0,1,1,0,1,1,0,0,1,1,0,0,0,0,0,0,1,1,0
22-16590668-rs147257289,0,0,0,0,0,1,0,0,0,0,0,0,0,0,0,0,0,0,0,1,0,0,0,0,0,0,0,0,0,0,0,0,0,0,0,0,0,0,1,0,0,0,0,0,1,1,0,0,0,0
22-16590900-rs117347043,0,0,0,0,0,1,0,0,0,0,0,0,0,0,0,0,0,0,0,1,0,0,0,0,0,0,0,0,0,0,0,0,0,0,0,0,0,0,1,0,0,0,0,0,1,1,0,0,0,0
22-16594807-rs143768252,0,0,0,0,0,0,0,0,0,0,0,0,0,0,0,0,0,0,0,0,0,0,1,0,0,0,0,0,0,0,0,0,0,0,0,0,0,0,0,1,0,0,0,0,0,0,0,0,0,0
22-16595552-rs117578132,0,0,0,0,0,1,0,0,0,0,0,0,0,0,0,0,0,0,0,1,0,0,0,0,0,0,0,0,0,0,0,0,0,0,0,0,0,0,1,0,0,0,0,0,1,1,0,0,0,0
22-16595579-rs147577894,0,0,0,0,0,0,0,0,0,1,0,0,0,0,0,0,0,1,0,1,0,0,0,0,1,0,0,0,0,0,0,0,0,0,1,0,0,0,0,0,0,0,0,0,0,0,0,0,0,0
22-16596911-rs149321808,0,0,0,0,0,0,0,0,0,0,0,0,0,0,0,0,0,0,0,0,0,0,1,0,0,0,0,0,0,0,0,0,0,0,0,0,0,0,0,1,0,0,0,0,0,0,0,0,0,0
22-16596979-rs143681639,0,0,0,0,0,0,0,0,0,1,0,0,0,0,0,0,0,1,0,1,0,0,0,0,1,0,0,0,0,0,0,0,0,0,1,0,0,0,0,0,0,0,0,0,0,0,0,0,0,0
22-16596981-rs148087901,0,0,0,0,0,0,0,0,0,0,0,0,0,0,0,0,0,0,0,0,0,0,1,0,0,0,0,0,0,0,0,0,0,0,0,0,0,0,0,1,0,0,0,0,0,0,0,0,0,0
22-16599935-rs185552062,0,0,0,0,0,0,0,0,0,0,0,0,0,0,0,0,0,0,0,0,0,0,1,0,0,0,0,0,0,0,0,0,0,0,0,0,0,0,0,1,0,0,0,0,0,0,0,0,0,0
22-16600041-rs147594099,0,0,0,0,1,0,0,0,0,0,1,0,0,0,0,0,0,0,0,0,0,0,0,0,0,1,0,0,0,1,0,0,0,0,0,0,0,1,0,1,1,0,0,0,1,0,0,0,0,0
22-16600056-rs142040194,0,0,0,0,1,0,0,0,0,0,1,0,0,0,0,0,0,0,0,0,0,0,0,0,0,1,0,0,0,1,0,0,0,0,0,0,0,1,0,1,1,0,0,0,1,0,0,0,0,0
22-16600330-rs146037337,0,0,0,0,0,0,0,0,0,0,0,0,0,0,0,0,0,0,0,0,0,0,0,0,0,0,1,0,0,0,0,0,0,1,0,0,0,0,0,1,0,0,0,0,0,0,0,1,0,0
22-16602583-rs75381043,0,0,0,0,0,0,0,0,0,0,0,0,0,0,0,0,0,0,0,0,0,0,1,0,0,0,0,0,0,0,0,0,0,0,0,0,0,0,0,1,0,0,0,0,0,0,0,0,0,0
22-16603512-rs145491969,0,0,0,0,0,0,0,0,0,0,1,1,0,0,0,0,0,0,0,1,1,0,0,0,0,0,0,1,2,0,0,0,0,0,0,1,0,0,0,0,0,0,1,0,0,0,0,0,0,1
22-16603591-rs188648686,0,0,0,0,0,0,0,0,0,0,0,0,0,0,0,0,0,0,0,0,0,0,1,0,0,0,0,0,0,0,0,0,0,0,0,0,0,0,0,1,0,0,0,0,0,0,0,0,0,0
22-16606394-rs150751559,0,0,0,0,0,0,0,0,0,0,0,0,0,0,0,0,0,0,0,0,0,0,1,0,0,0,0,0,0,0,0,0,0,0,0,0,0,0,0,1,0,0,0,0,0,0,0,0,0,0
22-16606875-rs144997238,0,0,0,0,0,0,0,0,0,1,0,0,0,0,0,0,0,1,0,1,0,0,0,0,1,0,0,0,0,0,0,0,0,0,1,0,0,0,0,0,0,0,0,0,0,0,0,0,0,0
22-16606881-rs141159475,0,0,0,0,0,0,0,0,0,0,0,0,0,0,0,0,0,0,0,0,0,0,1,0,0,0,0,0,0,0,0,0,0,0,0,0,0,0,0,1,0,0,0,0,0,0,0,0,0,0
22-16610235-rs2105567,0,0,0,0,0,0,0,0,0,0,0,0,0,0,0,0,0,0,0,0,0,0,0,0,0,0,0,0,0,0,0,0,0,0,0,0,0,0,0,0,0,0,0,0,0,0,0,0,0,0
22-16615781-rs138615536,0,0,0,0,0,1,0,0,0,0,0,0,0,0,0,0,0,0,0,1,0,0,0,0,0,0,0,0,0,0,0,0,0,0,0,0,0,0,1,0,0,0,0,0,1,1,0,0,0,0
22-16617627-rs77443964,1,1,0,1,0,0,1,0,0,0,0,0,1,1,0,0,0,0,0,0,0,1,0,0,1,1,0,0,0,1,0,1,0,0,1,0,0,0,0,0,0,1,0,1,0,0,0,0,1,0
22-16618159-rs140208850,0,0,0,0,0,0,0,0,0,1,0,0,0,0,0,0,0,1,0,1,0,0,1,0,1,0,0,0,0,0,0,0,0,0,1,0,0,0,0,0,0,0,0,0,0,0,0,0,0,0
22-16619609-rs145330496,0,0,0,0,0,0,0,0,0,0,0,0,0,0,0,0,0,0,0,0,0,0,1,0,0,0,0,0,0,0,0,0,0,0,0,0,0,0,0,1,0,0,0,0,0,0,0,0,0,0
22-16620558-rs145218209,0,0,0,0,0,0,0,0,0,1,0,0,0,0,0,0,0,1,0,1,0,0,1,0,1,0,0,0,0,0,0,0,0,0,1,0,0,0,0,1,0,0,0,0,0,0,0,0,0,0
22-16624084-rs143860515,0,0,0,0,0,0,0,0,0,0,0,0,0,0,0,0,0,0,0,0,0,0,1,0,0,0,0,0,0,0,0,0,0,0,0,0,0,0,0,1,0,0,0,0,0,0,0,0,0,0
22-16624702-rs4530463,2,1,0,1,0,1,1,1,0,1,0,0,1,1,1,2,0,1,0,2,0,1,1,0,1,1,1,1,0,1,0,1,1,1,2,1,1,0,1,2,1,1,0,1,1,1,0,1,2,0
22-16624726-rs2096668,1,1,0,2,0,0,1,0,0,0,0,0,1,1,0,0,0,0,0,0,0,1,1,0,1,1,0,0,0,1,0,1,0,0,1,0,0,0,0,1,0,1,0,1,0,0,0,0,1,0
22-16624827-rs117299530,0,0,0,0,0,0,0,0,0,1,0,0,0,0,0,0,0,1,0,1,0,0,0,0,1,0,0,0,0,0,0,0,0,0,1,0,0,0,0,0,0,0,0,0,0,0,0,0,0,0
22-16624987-rs117457592,0,0,0,0,0,0,0,0,0,1,0,0,0,0,0,0,0,1,0,1,0,0,0,0,1,0,0,0,0,0,0,0,0,0,1,0,0,0,0,0,0,0,0,0,0,0,0,0,0,0
22-16625027-rs79705640,0,0,0,0,0,0,0,0,0,0,0,0,0,0,0,0,0,0,0,0,0,0,1,0,0,0,0,0,0,0,0,0,0,0,0,0,0,0,0,1,0,0,0,0,0,0,0,0,0,0
22-16626992-rs189990953,1,0,0,0,0,0,0,1,0,0,0,0,0,0,1,2,0,0,0,0,0,0,0,0,0,0,1,1,0,0,0,0,1,1,0,1,1,0,0,1,1,0,0,0,0,0,0,1,1,0
22-16627730-rs150857093,0,0,0,0,0,0,0,0,0,0,0,0,0,0,0,0,0,0,0,0,0,0,1,0,0,0,0,0,0,0,0,0,0,0,0,0,0,0,0,1,0,0,0,0,0,0,0,0,0,0
22-16628321-rs78701447,1,1,0,1,0,0,1,0,0,0,0,0,1,1,0,0,0,0,0,0,0,1,0,0,1,1,0,0,0,1,0,1,0,0,1,0,0,0,0,0,0,1,0,1,0,0,0,0,1,0
22-16631729-rs143648194,0,0,0,0,0,0,0,0,0,1,0,0,0,0,0,0,0,1,0,1,0,0,1,0,1,0,0,0,0,0,0,0,0,0,1,0,0,0,0,0,0,0,0,0,0,0,0,0,0,0
22-16631738-rs7289339,1,0,0,0,0,0,0,1,0,0,0,0,0,0,1,2,0,0,0,0,0,0,0,0,0,0,1,1,0,0,0,0,1,1,0,1,1,0,0,1,1,0,0,0,0,0,0,1,1,0
22-16631855-rs142850344,0,0,0,0,1,1,0,1,0,0,0,1,0,0,0,0,0,0,1,0,1,0,0,0,1,0,0,0,0,0,0,0,0,0,0,0,0,1,0,0,0,0,0,0,0,0,0,0,0,0
22-16631921-rs1118665,1,0,0,0,0,0,0,1,0,0,0,0,0,0,1,2,0,0,0,0,0,0,0,0,0,0,1,1,0,0,0,0,1,1,0,1,1,0,0,1,1,0,0,0,0,0,0,1,1,0
22-16631953-rs10154459,0,0,0,0,0,0,0,0,0,0,0,0,0,0,0,0,0,0,1,0,0,0,1,0,0,0,0,0,0,0,0,0,0,0,0,0,0,0,0,1,0,0,0,0,0,0,0,0,0,0
22-16632893-rs146737495,1,1,0,1,0,1,1,0,0,1,0,0,1,1,0,0,0,0,0,1,0,1,1,0,1,1,0,0,0,1,0,1,0,0,2,0,0,0,1,1,0,1,0,1,1,1,0,0,1,0
22-16633610-rs140388987,0,0,0,0,0,0,0,0,0,0,0,0,0,0,0,0,0,0,0,0,0,0,0,0,0,0,0,0,0,0,0,0,0,0,0,0,0,0,0,1,0,0,0,0,0,0,0,0,0,0
22-16637483-rs145562962,1,0,0,0,0,0,0,1,0,0,0,0,0,0,1,2,0,0,0,0,0,0,0,0,0,0,1,1,0,0,0,0,1,1,0,1,1,0,0,1,1,0,0,0,0,0,0,1,1,0
22-16638412-rs186516442,0,0,0,0,0,0,0,0,0,1,0,0,0,0,0,0,0,1,0,1,0,0,0,0,1,0,0,0,0,0,0,0,0,0,1,0,0,0,0,0,0,0,0,0,0,0,0,0,0,0
22-16639445-rs190513925,0,0,0,1,0,1,0,0,0,0,0,0,0,1,1,0,1,0,0,1,0,0,1,0,0,0,0,0,0,0,0,0,0,0,1,0,1,0,0,0,0,0,0,0,0,1,0,0,0,1
22-16641018-rs183374454,0,0,0,0,0,0,0,0,0,0,0,0,0,0,0,0,0,0,0,0,0,0,1,0,0,0,0,0,0,0,0,0,0,0,0,0,0,0,0,1,0,0,0,0,0,0,0,0,0,0
22-16641660-rs192479180,0,0,0,0,0,1,0,0,0,0,0,0,0,0,0,0,0,0,0,1,0,0,0,0,0,0,0,0,0,0,0,0,0,0,0,0,0,0,1,0,0,0,0,0,1,1,0,0,0,0
22-16641830-rs139154506,0,0,0,0,0,0,0,0,0,1,0,0,0,0,0,0,0,1,0,1,0,0,0,0,1,0,0,0,0,0,0,0,0,0,1,0,0,0,0,0,0,0,0,0,0,0,0,0,0,0
22-16644857-rs80319087,0,0,1,1,0,0,0,0,0,0,1,1,0,1,0,0,1,1,0,0,1,0,0,0,0,0,0,1,2,0,1,1,0,0,0,1,0,0,0,0,0,0,1,1,0,1,0,0,0,2
22-16644888-rs74194796,0,0,0,0,0,0,0,0,0,1,0,0,0,0,0,0,0,1,0,1,0,0,0,0,1,0,0,0,0,0,0,0,0,0,1,0,0,0,0,0,0,0,0,0,0,0,0,0,0,0
22-16645749-rs138386113,0,0,1,1,0,0,0,0,0,0,1,1,0,1,0,0,1,1,0,0,1,0,0,0,0,0,0,1,2,0,1,1,0,0,0,1,0,0,0,0,0,0,1,1,0,1,0,0,0,2
22-16646087-rs137923339,0,0,2,0,0,0,0,0,0,1,1,1,0,1,0,1,2,0,0,0,0,0,1,0,0,0,0,0,0,0,0,0,0,0,0,0,0,0,0,1,0,0,1,1,0,1,0,0,0,2
22-16646091-rs142595211,0,0,0,0,0,1,0,0,0,1,1,2,0,0,0,0,0,0,0,0,1,0,0,0,0,0,0,0,2,0,0,0,0,0,0,0,0,0,1,1,0,0,0,0,0,0,0,0,0,0
22-16646178-rs76219869,1,0,0,0,0,0,0,1,0,0,0,0,0,0,1,1,0,0,0,0,0,0,0,0,0,0,1,1,0,0,0,0,1,1,0,1,1,0,0,1,1,0,0,0,0,0,0,1,1,0
22-16646301-rs150787608,0,0,0,0,0,0,0,0,0,1,0,0,0,0,0,0,0,1,0,1,0,0,0,0,1,0,0,0,0,0,0,0,0,0,1,0,0,0,0,0,0,0,0,0,0,0,0,0,0,0
22-16646304-rs77548540,1,0,0,0,0,0,0,1,0,0,0,0,0,0,1,1,0,0,0,0,0,0,0,0,0,0,1,1,0,0,0,0,1,1,0,1,1,0,0,1,1,0,0,0,0,0,0,1,1,0
22-16646307-rs149976258,0,1,0,0,1,0,0,0,1,1,1,0,1,0,1,0,0,0,0,0,0,0,1,2,0,0,1,0,0,0,0,0,1,1,0,0,1,1,0,0,1,0,1,0,0,0,2,1,0,0
22-16647000-rs141234011,1,2,0,2,0,0,1,0,0,0,0,0,1,2,0,0,0,0,1,0,0,1,0,0,2,1,0,0,0,1,0,2,1,0,2,1,0,0,0,0,0,1,0,1,0,0,0,0,1,0
22-16647315-rs143825918,0,0,0,0,0,0,0,0,0,0,0,0,0,0,0,0,0,0,0,0,0,0,1,0,0,0,0,0,0,0,0,0,0,0,0,0,0,0,0,1,0,0,0,0,0,0,0,0,0,0
22-16647409-rs140119286,0,0,0,0,0,0,0,0,0,1,0,0,0,0,0,0,0,0,0,1,0,0,0,0,1,0,0,0,0,0,0,0,0,0,1,0,0,0,0,0,0,0,0,0,0,0,0,0,0,0
22-16647426-rs5771549,2,1,0,1,0,1,1,1,0,1,0,0,1,1,1,2,0,0,0,1,0,1,1,0,2,1,1,1,0,1,0,1,1,1,2,1,1,0,1,1,1,1,0,1,1,1,0,1,2,0
22-16647816-rs184747857,0,0,0,0,0,0,0,0,0,0,0,0,0,0,0,0,0,0,0,0,0,0,1,0,0,0,0,0,0,0,0,0,0,0,0,0,0,0,0,1,0,0,0,0,0,0,0,0,0,0
22-16648658-rs117982183,0,0,0,0,0,0,0,0,0,1,0,0,0,0,0,0,0,1,0,1,0,0,0,0,1,0,0,0,0,0,0,0,0,0,1,0,0,0,0,0,0,0,0,0,0,0,0,0,0,0
22-16649762-rs145424908,0,0,0,0,0,0,0,0,0,1,0,0,0,0,0,0,0,1,0,1,0,0,0,0,1,0,0,0,0,0,0,0,0,0,1,0,0,0,0,0,0,0,0,0,0,0,0,0,0,0
22-16654045-rs186584324,0,1,0,2,0,2,0,0,0,1,0,0,0,0,0,2,0,0,0,2,0,0,0,0,0,0,0,0,1,0,0,0,0,0,1,0,0,0,1,0,0,0,0,0,1,1,2,0,0,0
22-16654402-rs182705590,1,0,0,0,0,0,0,1,0,0,0,0,0,0,0,1,0,0,0,0,0,0,2,0,0,0,1,1,0,0,0,0,0,1,0,0,0,0,0,2,1,0,0,0,0,0,0,1,1,0
22-16656055-rs140824532,1,0,0,0,0,0,0,1,0,0,0,0,0,0,1,2,0,0,0,0,0,0,0,0,0,0,1,1,0,0,0,0,0,1,0,1,1,0,0,1,1,0,0,0,0,0,0,1,1,0
22-16658056-rs114481093,1,1,0,1,0,0,1,0,0,0,0,0,1,1,0,0,0,0,0,0,0,1,0,0,1,1,0,0,0,1,0,1,0,0,1,0,0,0,0,0,0,1,0,1,0,0,0,0,1,0
22-16658105-rs143034636,1,1,0,1,0,0,1,0,0,0,0,0,1,1,0,0,0,0,0,0,0,1,0,0,1,1,0,0,0,1,0,1,0,0,1,0,0,0,0,0,0,1,0,1,0,0,0,0,1,0
22-16661755-rs76290723,1,0,1,1,1,0,1,0,0,1,1,1,1,1,0,0,1,1,0,0,1,1,1,0,0,1,0,1,2,1,1,2,1,0,0,0,0,1,0,1,0,0,1,1,1,1,1,0,0,2
22-16661974-rs117763721,0,0,0,0,0,0,0,1,0,0,0,1,0,0,0,0,0,0,1,0,1,0,0,0,1,0,0,0,0,0,0,0,0,0,0,0,0,0,0,0,0,0,0,0,0,0,0,0,0,0
22-16662219-rs144372233,0,0,0,0,0,0,0,0,0,0,0,0,0,0,0,0,0,0,0,0,0,0,1,0,0,0,0,0,0,0,0,1,0,0,0,0,0,0,0,1,0,0,0,0,0,0,0,0,0,0
22-16663592-rs150966147,1,1,0,1,0,0,1,0,0,0,0,0,1,1,0,0,0,0,0,0,0,1,0,0,1,1,0,0,0,1,0,0,0,0,1,0,0,0,0,0,0,1,0,1,0,0,0,0,1,0
22-16667813-rs117458684,0,1,0,0,0,0,0,0,0,0,0,0,0,0,0,0,1,1,0,0,0,0,0,0,0,0,0,0,0,0,0,0,0,0,0,0,0,0,0,0,0,1,0,0,0,0,0,0,0,0
22-16671885-rs6010433,2,1,0,1,1,0,1,1,1,0,1,0,1,0,1,2,0,0,0,0,0,0,0,0,0,1,2,0,0,1,0,0,0,2,1,0,1,1,1,0,0,1,0,1,0,0,1,2,2,1
22-16683415-rs186997034,1,0,2,0,0,0,0,0,0,0,0,1,0,0,0,0,1,1,1,0,2,0,0,0,1,0,0,1,2,0,0,1,0,0,0,0,0,0,1,0,1,0,1,0,0,0,0,0,0,1
22-16687476-rs138896054,0,0,0,0,0,0,0,1,0,0,0,0,0,0,1,2,0,0,0,0,0,0,0,0,0,0,1,1,0,0,0,0,1,1,0,1,1,0,0,1,1,0,0,0,0,0,0,1,1,0
22-16693184-rs146283378,1,1,0,1,0,0,1,0,0,0,0,0,1,0,0,0,0,0,0,0,0,1,0,0,1,1,0,0,0,1,0,1,0,0,1,0,0,0,0,0,0,1,0,1,0,0,0,0,1,0
22-16693423-rs79068995,0,0,0,0,0,0,0,1,0,0,0,0,0,0,1,2,0,0,0,1,0,0,0,0,0,0,1,1,0,0,0,0,0,1,0,1,1,0,0,1,1,0,0,0,0,0,0,1,1,0
22-16695882-rs183011531,1,1,0,1,0,0,1,0,0,0,0,0,1,0,0,0,0,0,0,0,0,1,0,0,0,1,0,0,0,1,0,1,0,0,2,0,0,0,0,0,0,0,0,1,0,0,0,0,1,0
22-16696590-rs188735988,0,0,0,0,0,0,0,1,0,0,0,0,0,0,1,2,0,0,0,0,0,0,0,0,0,0,1,1,0,0,0,0,1,1,0,1,1,0,0,1,0,0,0,0,0,0,0,1,1,0
22-16696591-rs192804391,0,0,0,0,0,0,0,1,0,0,0,0,0,0,1,2,0,0,0,0,0,0,0,0,0,0,1,1,0,0,0,0,1,1,0,1,1,0,0,1,0,0,0,0,0,0,0,1,1,0
22-16696637-rs78778839,1,0,0,0,0,0,0,1,0,0,0,0,0,0,1,2,0,0,0,0,0,0,0,0,0,0,1,1,0,0,0,0,1,1,0,1,1,0,0,1,1,0,0,0,0,0,0,1,1,0
22-16852667-rs4819897,1,1,1,0,2,0,1,2,1,0,2,1,0,0,1,1,0,1,1,1,2,0,1,1,0,0,2,0,1,0,0,1,1,2,1,1,1,2,2,1,1,1,0,1,1,1,0,2,1,0
22-16852820-rs76863509,1,0,0,0,2,0,1,2,1,0,2,0,0,0,0,1,0,1,1,0,1,0,0,1,0,0,2,0,1,0,0,1,1,2,0,1,1,2,2,1,1,1,0,0,1,1,0,2,1,0
22-16856592-rs55785029,0,0,0,0,2,0,1,0,0,0,1,0,0,0,0,1,0,1,2,0,1,0,0,1,0,0,1,0,1,0,0,1,1,1,0,0,0,2,1,0,1,1,0,0,1,1,0,1,0,0
22-16857952-rs62638135,0,0,0,0,0,0,0,0,0,0,0,1,0,0,0,0,0,0,0,1,0,0,0,0,0,0,0,0,0,0,0,0,0,0,0,0,0,0,0,0,0,0,0,1,0,0,0,0,0,0
22-16857983-rs5747085,1,0,0,0,2,0,1,2,1,0,2,0,0,0,0,1,0,1,2,0,1,1,0,1,0,0,2,0,1,0,0,1,1,2,0,1,1,2,2,1,1,1,0,0,1,1,0,2,1,0
22-16858076-rs5747090,1,0,0,0,2,0,1,2,1,0,2,0,0,0,0,1,0,1,2,1,1,0,0,1,0,0,2,0,1,0,0,1,1,2,0,1,1,2,2,1,1,1,0,0,1,1,0,2,1,0
22-16858684-rs5992715,1,0,0,0,2,0,1,2,1,0,2,0,0,0,0,1,0,1,2,0,1,0,0,1,0,0,2,0,1,0,0,1,1,2,0,1,1,2,2,1,2,1,0,0,1,1,0,2,1,0
22-16859704-rs5747231,1,0,0,0,2,0,1,2,1,0,2,0,0,0,0,1,0,1,2,0,1,0,0,1,0,0,2,0,1,0,0,1,1,2,0,1,1,2,1,1,2,1,0,0,1,1,0,2,1,0
22-16860036-rs144382637,1,0,0,0,2,0,1,2,1,0,2,0,0,0,0,1,0,1,2,0,1,0,0,1,0,0,2,0,1,0,0,1,1,2,0,1,1,2,2,1,1,1,0,0,1,1,0,2,1,0
22-16860139-rs5747250,1,0,0,0,2,0,1,2,1,0,2,0,0,0,0,1,0,1,2,0,1,0,0,1,0,0,2,0,1,0,0,1,1,2,0,1,1,2,2,1,2,1,0,0,1,1,0,2,1,0
22-16860360-rs4560223,1,0,0,0,2,0,1,2,1,0,2,0,0,0,0,1,0,1,1,0,1,0,0,1,0,0,2,0,1,0,0,1,1,2,0,1,1,2,2,1,1,1,0,0,1,1,0,2,1,0
22-16860442-rs4560224,1,1,0,0,2,0,1,2,1,0,2,0,0,0,0,1,0,1,1,0,1,0,0,1,0,0,2,0,1,0,0,1,1,2,0,1,1,2,2,1,1,1,0,0,1,1,0,2,1,0
22-16860496-rs4419320,1,0,0,0,2,0,1,1,1,0,2,0,0,0,0,1,0,1,1,0,1,0,0,1,0,0,2,0,1,0,0,1,1,2,0,1,1,2,2,1,1,1,0,0,1,1,0,2,1,0
22-16860752-rs4350847,1,0,0,0,2,0,1,2,2,0,2,1,0,0,0,1,0,1,1,1,1,0,0,1,0,0,2,0,1,0,0,1,1,2,0,1,1,2,2,1,1,1,0,1,1,1,0,2,1,0
22-16861246-rs116112988,1,0,0,0,2,0,1,2,2,0,2,1,0,0,0,1,0,1,2,1,1,0,0,1,0,0,2,0,1,0,0,1,1,2,0,1,1,2,2,1,2,1,0,1,1,1,0,2,1,0
22-16862531-rs5747372,1,0,0,0,2,0,1,2,1,0,2,0,0,0,0,1,0,1,2,0,1,0,0,1,0,0,2,0,1,0,0,1,1,2,0,1,1,2,2,1,1,1,0,0,1,1,0,2,1,0
22-16862729-rs5747378,1,0,0,0,2,0,1,2,1,0,2,0,0,0,0,1,0,1,2,0,1,0,0,1,0,0,2,0,1,0,0,1,1,2,0,1,1,2,2,1,2,1,0,0,1,1,0,2,1,0
22-16862889-rs5747386,1,1,1,2,0,2,1,0,0,2,0,1,2,2,1,1,2,1,0,1,0,2,2,1,1,2,0,2,1,2,2,1,1,0,1,1,1,0,0,1,0,1,1,1,1,1,2,0,1,2
22-16863070-rs12159989,1,0,0,0,2,0,1,2,1,0,2,0,0,0,0,1,0,1,2,0,1,0,0,1,0,0,2,0,1,0,0,1,1,2,0,1,1,2,2,1,2,1,0,0,1,1,0,2,1,0
22-16863454-rs4819650,1,0,0,0,2,0,1,2,2,0,2,0,0,0,0,1,0,1,2,0,1,0,0,1,0,0,2,0,1,0,0,1,1,2,0,1,1,2,2,1,1,1,0,0,1,1,0,2,1,0
22-16863815-rs10154688,1,0,0,0,0,0,1,0,0,0,1,0,0,0,0,1,0,0,0,0,1,0,0,1,0,0,1,0,0,0,0,1,1,1,0,0,1,0,1,1,0,1,0,0,0,1,0,1,1,0
22-16864090-rs10775696,1,0,0,0,1,0,1,2,1,0,1,0,0,0,0,1,0,1,2,0,1,0,0,1,0,0,1,0,0,0,0,1,1,1,0,0,1,1,1,1,0,1,0,0,1,1,0,1,1,0
22-16864365-rs141825608,0,1,1,0,0,0,0,0,0,0,0,0,0,0,1,0,0,0,0,0,1,0,0,0,1,0,0,0,0,0,0,0,0,0,1,0,0,0,0,0,0,0,1,0,0,0,0,0,0,0
22-16864454-rs35880961,0,1,1,0,0,1,0,0,0,0,0,0,0,0,1,1,0,0,0,0,1,0,0,1,1,1,0,0,0,1,1,0,0,0,1,0,0,0,0,0,0,0,1,0,0,0,0,0,0,0
22-16864820-rs140980877,0,0,0,0,0,0,0,0,0,0,0,0,0,0,0,0,0,0,0,0,0,0,0,0,0,0,0,0,0,0,0,0,0,0,0,0,0,0,0,0,0,0,0,1,0,0,0,0,0,0
22-16865858-rs34145269,1,0,0,1,0,0,0,0,0,0,0,0,1,1,1,0,0,1,0,0,0,1,0,0,0,1,0,1,0,1,0,0,1,0,0,1,1,0,0,0,0,0,1,1,0,1,1,0,0,1
22-16866125-rs62223281,0,0,0,0,0,0,0,0,0,0,0,1,0,0,0,0,0,0,0,1,0,0,0,0,0,0,0,1,0,0,0,0,0,0,0,0,0,0,0,0,0,0,0,0,0,0,0,0,0,0
22-16866339-rs408896,1,0,0,0,2,0,1,2,1,0,1,0,0,0,0,1,0,1,2,0,1,0,0,1,0,0,2,0,1,0,0,1,1,2,0,1,1,2,2,1,2,1,0,0,1,1,0,2,1,0
22-16866502-rs139069276,0,1,1,0,0,0,0,0,0,0,0,0,0,0,1,0,0,0,0,0,1,0,0,0,1,0,0,0,0,0,0,0,0,0,1,0,0,0,0,0,0,0,1,0,0,0,0,0,0,0
22-16866749-rs374139,1,1,1,0,2,1,1,2,1,0,2,0,0,0,1,2,1,1,2,0,2,0,0,1,1,1,2,0,1,1,1,1,1,2,1,1,1,2,2,1,2,1,1,0,1,1,0,2,1,0
22-16866793-rs34202164,0,1,0,0,0,0,0,0,0,0,0,0,0,0,1,0,0,0,0,0,1,0,0,0,1,1,0,0,0,1,1,0,0,0,1,0,0,0,0,0,0,0,1,0,0,0,0,0,0,0
22-16867061-rs35057683,0,1,0,0,0,1,0,0,0,0,0,1,0,0,1,1,0,0,0,1,0,0,0,0,0,1,0,0,1,1,1,0,0,0,1,0,0,0,0,1,0,1,1,0,1,0,0,0,1,1
22-16867414-rs394245,1,2,0,2,1,1,0,0,0,2,0,1,1,2,1,0,1,1,0,2,1,1,2,1,1,1,0,1,0,1,1,1,1,0,1,1,0,1,0,0,0,0,0,2,1,1,1,0,1,2
22-16867451-rs34890212,1,2,1,2,1,1,1,0,0,1,1,0,2,2,1,0,1,1,0,0,1,2,2,1,2,1,0,1,0,1,1,1,0,0,0,2,0,1,1,1,0,1,1,2,0,1,1,0,1,2
22-16867466-rs186063098,0,0,1,0,0,0,0,0,0,0,0,0,0,0,0,0,0,0,0,0,0,0,0,0,0,1,0,0,0,1,0,1,0,0,0,0,0,0,0,0,0,1,0,0,0,0,0,0,0,0
22-16867468-rs188181089,0,0,1,0,0,0,0,0,0,0,0,0,0,0,0,0,0,0,0,0,0,0,0,0,0,1,0,0,0,1,0,1,0,0,0,0,0,0,0,0,0,1,0,0,0,0,0,0,0,0
22-16867530-rs180817976,0,0,0,0,0,0,0,0,0,0,0,0,0,0,0,0,0,0,0,1,0,0,0,0,0,0,0,0,0,0,0,0,0,0,0,0,0,0,0,0,0,0,0,0,0,0,0,0,0,0
22-16867535-rs377354,0,0,0,0,1,0,0,1,1,0,0,0,0,0,0,0,0,0,0,0,0,0,0,0,0,0,2,0,0,0,0,1,0,2,1,0,1,1,1,0,1,1,1,0,0,0,0,2,0,0
22-16867571-rs142179114,0,0,1,0,0,0,1,1,0,0,0,0,0,1,1,0,0,1,0,0,0,0,0,0,0,0,1,0,0,0,0,0,0,1,1,0,1,0,2,0,0,0,0,0,1,1,0,1,0,0
22-16867597-rs78835197,0,1,0,0,0,0,1,0,0,1,0,1,0,0,0,0,0,1,0,0,0,2,0,0,0,0,0,0,0,0,0,0,0,0,0,1,0,0,1,0,0,0,0,0,1,1,0,0,0,0
22-16867625-rs80345050,0,1,0,1,0,0,0,1,0,0,0,0,1,0,0,0,0,0,0,1,0,0,1,0,0,1,0,1,0,1,0,0,0,0,0,0,0,0,1,0,1,0,1,0,0,0,1,0,0,0
22-16867654-rs139875743,0,1,0,0,0,0,1,0,0,0,0,0,0,0,0,0,0,0,0,0,0,0,0,0,0,0,0,0,0,0,0,0,0,0,0,0,0,0,0,1,0,0,0,0,0,0,0,0,0,0
22-16867671-rs76148898,1,0,0,0,0,1,0,0,0,0,0,0,0,0,0,0,0,0,0,1,0,0,0,0,0,1,0,0,1,1,0,0,0,0,0,0,0,0,0,0,0,0,0,0,0,0,1,0,0,0
22-16867677-rs190525987,0,1,0,0,1,0,0,0,0,0,0,0,0,0,0,0,0,0,0,0,0,1,0,0,0,0,0,0,0,0,0,0,0,0,0,0,1,1,0,0,1,0,0,0,1,0,0,0,0,1
22-16867694-rs74384514,0,1,0,0,0,0,0,0,0,0,0,0,0,0,0,0,0,0,0,0,0,0,0,0,0,0,0,0,0,0,0,0,1,0,0,0,1,0,1,0,1,0,0,0,1,0,1,0,0,0
22-16867807-rs192798050,0,0,0,0,0,0,0,0,0,0,0,0,0,0,0,0,0,0,0,0,0,0,0,0,0,0,0,0,0,0,0,0,0,0,0,0,0,0,0,0,0,0,0,0,1,0,0,0,1,0
22-16867815-rs182568007,1,0,0,0,0,0,0,0,0,0,0,0,0,0,0,0,0,0,0,0,0,0,0,0,0,0,0,0,0,0,0,0,0,0,0,0,0,0,0,0,0,0,0,0,0,0,0,0,0,0
22-16867839-rs1076124,0,0,0,0,0,0,0,0,0,0,0,0,0,0,0,0,0,0,0,0,0,0,0,0,0,0,0,0,0,0,0,0,0,0,0,0,1,0,0,0,0,1,0,0,0,0,0,0,0,0
22-16867853-rs131515,0,0,0,0,0,0,0,0,1,1,0,0,0,0,0,0,0,0,0,0,0,0,0,0,0,0,0,0,0,0,0,0,0,0,1,0,0,0,0,0,0,0,0,1,0,0,0,0,0,0
22-16867918-rs80081781,0,1,0,0,0,0,0,0,1,0,0,0,0,0,0,0,0,0,0,0,0,0,0,0,0,0,0,0,0,0,0,0,0,0,0,0,0,0,0,0,0,0,0,0,0,0,0,0,0,0
22-16867938-rs131516,1,1,0,0,2,0,0,2,2,0,1,0,0,0,1,0,0,0,1,0,1,0,0,0,0,0,2,0,0,0,0,1,0,2,0,0,0,2,1,1,2,0,0,0,2,0,0,2,1,0
22-16867958-rs131517,1,0,0,0,1,0,0,2,1,0,1,0,1,0,0,1,0,0,1,0,0,0,0,1,0,0,2,0,0,0,0,1,0,2,0,0,0,1,1,1,1,0,1,0,1,0,0,2,1,0
22-16868142-rs131518,1,1,0,0,1,0,0,2,1,0,1,0,0,1,0,1,0,0,0,0,1,0,0,1,0,0,2,0,0,0,0,0,0,2,1,0,0,1,1,0,2,0,0,0,1,0,0,2,0,0
22-16868143-rs131519,1,1,0,0,1,0,0,2,1,0,1,0,0,1,0,1,0,0,0,0,0,0,0,1,0,0,2,0,0,0,0,0,0,2,1,0,0,1,1,0,2,0,0,0,1,0,0,2,0,0
22-16868170-rs189303024,0,0,0,0,1,0,0,0,0,0,0,0,0,0,0,0,0,0,0,0,0,0,0,0,0,0,0,0,0,0,0,0,0,0,0,0,0,1,0,0,0,0,0,0,0,0,0,0,0,0
22-16868181-rs62223284,1,0,0,0,1,0,1,0,2,0,0,0,1,0,1,1,0,0,0,0,0,0,0,1,0,1,1,0,0,1,0,0,0,1,0,0,0,1,1,0,1,0,0,0,1,0,1,1,0,0
22-16868198-rs8135374,0,0,0,0,0,0,0,0,0,0,0,2,0,0,0,0,0,1,0,0,0,0,0,0,0,0,0,1,0,0,0,0,0,0,0,0,0,0,0,0,0,0,1,0,0,0,0,0,0,0
22-16868784-rs138559161,0,0,0,0,0,0,0,0,1,0,0,0,0,0,0,0,0,0,0,1,0,0,0,0,0,0,0,0,1,0,0,0,0,0,1,0,1,0,0,0,0,1,0,0,0,0,0,0,0,0
22-16868825-rs144518851,0,0,0,0,0,0,0,0,1,0,1,0,0,0,0,0,0,0,0,0,0,0,0,0,0,1,1,0,0,1,0,0,0,1,0,0,0,0,0,0,1,0,0,0,0,0,0,1,0,0
22-16869223-rs131523,2,1,0,0,1,0,1,2,0,0,1,0,1,0,1,0,0,0,1,0,1,0,0,1,0,0,1,0,1,0,1,1,1,1,0,1,0,1,1,1,0,1,1,0,1,0,2,1,1,0
22-16869510-rs185518626,0,0,0,0,0,0,0,0,0,0,0,0,0,0,1,0,0,0,0,0,0,0,0,0,0,0,0,0,0,0,0,0,0,0,0,0,0,0,0,0,0,0,0,0,0,0,0,0,0,0
22-16869511-rs131525,2,1,0,0,1,0,1,2,0,0,1,0,1,0,1,1,0,0,1,0,1,0,0,1,0,0,1,0,1,0,1,1,1,1,0,1,0,1,1,1,1,1,1,0,1,0,2,1,1,0
22-16869527-rs9604921,0,0,0,0,0,1,0,0,0,0,0,0,0,1,0,0,0,0,0,0,0,0,0,0,0,0,0,0,0,0,0,0,0,0,0,0,0,0,1,0,0,0,0,0,1,0,0,0,0,0
22-16869565-rs2005631,0,0,0,0,0,0,0,0,1,0,0,0,0,0,0,0,1,0,0,1,0,0,0,0,0,0,0,0,1,0,0,0,0,0,1,0,1,0,0,0,0,1,0,0,0,0,0,0,0,0
22-16869617-rs131526,0,1,0,0,0,0,0,0,0,0,0,0,0,0,1,0,1,0,0,0,0,0,0,0,0,0,0,0,0,0,0,0,0,0,0,0,0,0,0,0,0,0,0,0,0,0,0,0,0,0
22-16869694-rs131527,0,1,0,0,0,0,0,0,0,0,0,0,0,0,1,0,1,0,0,0,0,0,0,0,0,0,0,0,0,0,0,0,0,0,0,0,0,0,0,0,0,0,0,0,0,0,0,0,0,0
22-16869887-rs35416799,0,0,0,0,0,0,0,0,1,0,0,0,0,0,0,0,1,0,0,1,0,0,0,0,0,0,0,0,1,0,0,0,0,0,1,0,1,0,0,0,0,1,0,0,0,0,0,0,0,0
22-16869959-rs62223292,0,0,2,2,1,1,1,0,1,2,1,0,1,1,0,1,0,2,1,1,1,2,1,1,2,2,1,1,0,2,1,1,1,1,1,1,1,1,0,1,1,0,0,2,0,2,0,1,1,2
22-16870055-rs62223293,0,0,2,2,1,1,1,0,1,2,1,0,1,1,0,1,0,2,1,1,1,2,2,1,2,2,1,1,0,2,1,1,1,1,1,1,1,1,0,1,1,0,0,2,0,2,0,1,1,2
22-16870108-rs131528,2,1,0,0,1,0,1,2,0,0,1,0,1,0,1,1,0,0,1,0,1,0,0,1,0,0,1,0,1,0,1,1,1,1,0,1,0,1,1,1,1,1,1,0,1,0,2,1,1,0
22-16870162-rs131529,2,1,0,0,1,0,1,2,0,0,1,0,1,0,1,1,0,0,1,0,1,0,0,1,0,0,1,0,1,0,1,1,1,1,0,1,0,1,1,1,1,1,1,0,1,0,2,1,1,0
22-16870173-rs34747326,0,0,0,0,0,1,0,0,0,0,0,0,0,1,0,0,0,0,0,0,0,0,0,0,0,0,0,0,0,0,0,0,0,0,0,0,0,0,1,0,0,0,0,0,1,0,0,0,0,0
22-16870183-rs34927285,0,0,0,0,0,1,0,0,0,0,0,0,0,1,0,0,0,0,0,0,0,0,0,0,0,0,0,0,0,0,0,0,0,0,0,0,0,0,1,0,0,0,0,0,1,0,0,0,0,0
22-16870214-rs131530,2,1,0,0,1,0,1,2,0,0,1,0,1,0,1,1,0,0,1,0,1,0,0,1,0,0,1,0,1,0,1,1,1,1,0,1,0,1,1,1,1,1,1,0,1,0,2,1,1,0
22-16870251-rs131531,0,1,0,0,0,0,0,0,0,0,0,0,0,0,1,0,1,0,0,0,0,0,0,0,0,0,0,0,0,0,0,0,0,0,0,0,0,0,0,0,0,0,0,0,0,0,0,0,0,0
22-16870303-rs112146429,0,0,0,0,0,0,0,0,1,0,0,0,0,0,0,0,1,0,0,1,0,0,0,0,0,0,0,0,1,0,0,0,0,0,1,0,1,0,0,0,0,1,0,0,0,0,0,0,0,0
22-16870381-rs140373,2,1,0,0,1,0,1,2,0,0,1,0,1,0,1,1,0,0,1,0,1,0,0,1,0,0,1,0,1,0,0,1,1,1,0,0,0,1,1,1,0,2,1,0,1,0,2,1,1,0
22-16870393-rs131532,2,1,0,0,1,1,1,2,0,0,1,0,1,1,1,1,0,0,1,0,1,0,0,1,0,0,1,0,1,0,0,1,1,1,0,0,0,1,2,1,0,1,1,0,2,0,2,1,1,0
22-16870425-rs131533,2,1,0,0,1,0,1,2,0,0,1,0,1,0,1,1,0,0,1,0,1,0,0,1,0,0,1,0,1,0,1,1,1,1,0,1,0,1,1,1,1,1,1,0,1,0,2,1,1,0
22-16870590-rs9605945,0,0,0,0,0,1,0,0,0,0,0,0,0,1,0,0,0,0,0,0,0,0,0,0,0,0,0,0,0,0,0,0,0,0,0,0,0,0,1,0,0,0,0,0,1,0,0,0,0,0
22-16870890-rs131536,1,1,0,0,1,0,1,1,0,0,1,0,1,0,1,1,0,0,1,0,1,0,0,1,0,0,1,0,1,0,1,1,1,1,0,1,0,1,1,1,1,1,1,0,1,0,1,1,1,0
22-16870891-rs5748012,0,0,0,0,0,1,0,0,0,0,0,0,0,1,0,0,0,0,0,0,0,0,0,0,0,0,0,0,0,0,0,0,0,0,0,0,0,0,1,0,0,0,0,0,1,0,0,0,0,0
22-16871037-rs117873986,0,0,0,0,0,0,0,0,0,0,0,0,0,0,1,0,0,0,0,0,0,0,0,0,0,0,0,0,0,0,0,0,0,0,0,0,0,0,0,0,0,0,0,0,0,0,0,0,0,0
22-16871080-rs140374,2,1,0,0,1,0,1,1,0,0,1,0,1,0,1,1,0,0,1,0,1,0,0,1,0,0,1,0,1,0,1,1,1,1,0,1,0,1,1,1,1,1,1,0,1,0,2,1,1,0
22-16871133-rs131537,1,1,0,0,1,0,1,1,0,0,1,0,1,0,1,1,0,0,0,0,1,0,0,1,0,0,1,0,0,0,1,1,1,1,0,1,0,1,1,1,0,1,1,0,1,0,1,1,1,0
22-16871137-rs131538,0,1,0,0,0,0,0,0,0,0,0,0,0,0,1,0,1,0,0,0,0,0,0,0,0,0,0,0,0,0,0,0,0,0,0,0,0,0,0,0,0,0,0,0,0,0,0,0,0,0
22-16871318-rs131539,1,1,0,0,1,0,1,1,0,0,0,0,1,0,1,1,0,0,1,0,1,0,0,1,0,0,0,0,1,0,1,1,1,0,0,1,0,1,1,1,1,1,1,0,1,0,1,0,1,0
22-16871440-rs131540,2,1,0,0,1,0,1,2,0,0,1,0,1,0,1,1,0,0,1,0,1,0,0,1,0,0,1,0,1,0,0,1,1,1,0,1,0,1,2,1,1,1,1,0,2,0,2,1,1,0
22-16871463-rs62223294,0,0,2,2,1,1,1,0,1,2,1,0,1,1,0,1,0,2,1,1,1,2,2,1,2,2,1,1,0,2,1,1,1,1,1,1,1,1,0,1,1,0,0,2,0,2,0,1,1,2
22-16871506-rs28395474,0,0,0,0,0,1,0,0,0,0,0,0,0,1,0,0,0,0,0,0,0,0,0,0,0,0,0,0,0,0,0,0,0,0,0,0,0,0,1,0,0,0,0,0,1,0,0,0,0,0
22-16871564-rs145685159,1,1,0,0,1,1,0,0,1,1,0,0,1,0,0,0,0,0,0,1,0,0,0,0,0,0,0,1,1,0,1,0,1,0,1,0,1,1,1,0,0,2,1,0,0,1,1,0,0,2
22-16871602-rs140320008,1,1,0,0,1,0,0,0,0,1,0,0,1,0,0,0,0,0,1,0,1,0,1,0,0,0,0,1,1,0,1,1,1,0,1,1,1,1,1,0,1,2,0,0,0,1,1,0,0,2
22-16871709-rs131541,2,1,0,0,1,1,1,2,0,0,1,0,1,1,1,1,0,0,1,0,1,0,0,1,0,0,1,0,1,0,1,1,1,1,0,1,0,1,2,1,1,1,1,1,2,0,2,1,1,0
22-16871746-rs9605965,0,0,0,0,0,1,0,0,0,0,0,0,0,1,0,0,0,0,0,0,0,0,0,0,0,0,0,0,0,0,0,0,0,0,0,0,0,0,1,0,0,0,0,0,1,0,0,0,0,0
22-16871863-rs131542,2,1,0,0,1,0,1,2,0,0,1,0,1,0,1,1,0,0,1,0,1,0,0,1,0,0,1,0,1,0,1,1,1,1,0,1,0,1,1,1,1,1,1,0,1,0,2,1,1,0
22-16871903-rs131544,2,1,0,0,1,1,1,2,0,0,1,0,1,1,1,1,0,0,1,0,1,0,0,0,0,0,1,0,1,0,1,1,1,1,0,1,0,1,2,1,1,1,1,0,2,0,2,1,1,0
22-16871951-rs131545,2,1,0,0,1,1,1,2,0,0,1,0,1,1,1,1,0,0,1,0,1,0,0,1,0,0,1,0,1,0,1,1,1,1,0,1,0,1,2,1,1,1,1,0,2,0,2,1,1,0
22-16872052-rs117844802,0,0,0,0,0,0,0,0,1,0,0,0,0,0,0,0,0,0,0,1,0,0,0,0,0,0,0,0,1,0,0,0,0,0,1,0,1,0,0,0,0,1,0,0,0,0,0,0,0,0
22-16872056-rs7292129,0,0,0,0,0,1,0,0,0,0,0,0,0,1,0,0,0,0,0,0,0,0,0,0,0,0,0,0,0,0,0,0,0,0,0,0,0,0,1,0,0,0,0,0,1,0,0,0,0,0
22-16872281-rs131546,1,1,0,0,0,0,0,0,0,0,0,0,0,0,1,0,2,0,0,0,0,0,0,0,0,0,0,0,0,0,0,0,0,0,0,0,0,0,0,0,0,0,0,0,0,0,0,0,0,0
22-16872459-rs117445191,0,0,0,0,0,0,0,0,0,0,0,2,0,0,0,0,0,0,0,0,0,0,0,0,0,0,0,1,0,0,0,0,0,0,0,0,0,0,0,0,0,0,1,0,0,0,0,0,0,0
22-16872547-rs140903718,0,0,0,0,0,0,0,0,1,0,0,0,0,0,0,0,0,0,0,1,0,0,0,0,0,0,0,0,1,0,0,0,0,0,1,0,1,0,0,0,0,1,0,0,0,0,0,0,0,0
22-16872558-rs143933557,0,0,0,0,0,0,0,0,0,0,0,2,0,0,0,0,0,0,0,0,0,0,0,0,0,0,0,1,0,0,0,0,0,0,0,0,0,0,0,0,0,0,1,0,0,0,0,0,0,0
22-16872621-rs151142397,0,0,0,0,0,0,0,0,1,0,0,0,0,0,0,0,0,0,0,1,0,0,0,0,0,0,0,0,1,0,0,0,0,0,1,0,1,0,0,0,0,1,0,0,0,0,0,0,0,0
22-16872891-rs131547,2,1,0,0,1,0,1,2,0,0,1,0,1,0,1,1,0,0,0,0,1,0,0,1,0,0,1,0,1,0,1,1,1,1,0,1,0,1,1,1,1,1,1,0,1,0,2,1,1,0
22-16872897-rs143866227,0,0,0,0,0,0,0,0,1,0,0,0,0,0,0,0,0,0,0,1,0,0,0,0,0,0,0,0,1,0,0,0,0,0,1,0,1,0,0,0,0,1,0,0,0,0,0,0,0,0
22-16873031-rs8141845,0,0,0,0,0,0,0,0,0,0,0,2,0,0,0,0,0,0,0,0,0,0,0,0,0,0,0,1,0,0,0,0,0,0,0,0,0,0,0,0,0,0,1,0,0,0,0,0,0,0
22-16873122-rs131549,2,1,0,0,1,1,1,2,0,0,1,2,1,1,1,1,0,0,1,0,1,0,0,1,0,0,1,1,1,0,1,1,1,1,0,1,0,1,2,1,1,1,2,0,2,0,2,1,1,0
22-16873140-rs11913641,0,0,2,2,1,1,1,0,1,2,1,0,1,1,0,1,0,2,1,1,1,2,1,1,2,2,1,1,0,2,1,1,1,1,1,1,1,1,0,1,1,0,0,2,0,2,0,1,1,2
22-16873226-rs131551,1,1,0,0,1,1,1,2,0,0,1,0,1,1,1,1,0,0,1,0,1,0,0,1,0,0,1,0,1,0,1,1,1,1,0,1,0,1,2,1,1,1,1,0,2,0,1,1,1,0
22-16873251-rs140375,0,1,0,0,0,0,0,0,0,0,0,0,0,0,1,0,2,0,0,0,0,0,0,0,0,0,0,0,0,0,0,0,0,0,0,0,0,0,0,0,0,0,0,0,0,0,0,0,0,0
22-16873461-rs131552,0,1,0,0,0,0,0,0,0,0,0,0,0,0,1,0,1,0,0,0,0,0,0,0,0,0,0,0,0,0,0,0,0,0,0,0,0,0,0,0,0,0,0,0,0,0,0,0,0,0
22-16873529-rs117242499,0,0,0,0,0,0,0,0,0,0,0,2,0,0,0,0,0,0,0,0,0,0,0,0,0,0,0,1,0,0,0,0,0,0,0,0,0,0,0,0,0,0,1,0,0,0,0,0,0,0
22-16874687-rs5748266,0,0,0,0,0,1,0,0,0,0,0,0,0,1,0,0,0,0,0,0,0,0,0,0,0,0,0,0,0,0,0,0,0,0,0,0,0,0,1,0,0,0,0,0,1,0,0,0,0,0
22-16874715-rs131554,2,1,0,0,1,1,1,1,0,0,1,0,1,1,1,1,0,0,1,0,0,0,0,0,0,0,1,0,1,0,1,1,1,1,0,1,0,1,1,1,1,1,1,0,1,0,2,1,1,0
22-16875337-rs71326240,0,0,0,0,0,1,0,0,0,0,0,0,0,1,0,0,0,0,0,0,0,0,0,0,0,0,0,0,0,0,0,0,0,0,0,0,0,0,1,0,0,0,0,0,1,0,0,0,0,0
22-16875489-rs116999918,0,0,0,0,0,0,0,0,0,0,0,1,0,0,0,0,0,0,0,0,0,0,0,0,0,0,0,1,0,0,0,0,0,0,0,0,0,0,0,0,0,0,1,0,0,0,0,0,0,0
22-16876002-rs149202410,0,0,0,0,0,0,0,0,0,0,0,1,0,0,0,0,0,0,0,0,0,0,0,0,0,0,0,1,0,0,0,0,0,0,0,0,0,0,0,0,0,0,1,0,0,0,0,0,0,0
22-16876216-rs78489,0,1,0,0,0,0,0,0,0,0,0,1,0,0,1,0,1,0,0,0,0,0,0,0,0,0,0,0,0,0,0,0,0,0,0,0,0,0,0,0,0,0,0,0,0,0,0,0,0,0
22-16876253-rs3888395,2,2,1,0,1,1,1,1,0,0,1,1,2,1,2,1,1,0,2,0,2,0,0,0,0,0,1,0,1,0,1,0,2,1,0,2,1,1,2,1,0,1,1,0,2,0,2,1,2,2
22-16876257-rs181783639,0,0,0,0,0,0,0,0,0,0,0,1,0,0,0,0,0,0,0,0,0,0,0,0,0,0,0,1,0,0,0,0,0,0,0,0,0,0,0,0,0,0,1,0,0,0,0,0,0,0
22-16876292-rs67103,2,1,0,0,1,0,1,1,0,0,1,0,1,0,1,1,0,0,2,0,1,0,0,0,0,0,1,0,1,0,1,0,2,1,0,1,1,1,1,1,0,1,1,0,1,0,2,1,2,2
22-16876305-rs67102,2,1,0,0,1,0,1,1,0,0,1,0,1,0,1,1,0,0,2,0,1,0,0,0,0,0,1,0,1,0,1,0,2,1,0,1,1,1,1,1,0,1,1,0,1,0,2,1,2,2
22-16876382-rs192189406,0,0,0,0,0,0,0,0,0,0,0,0,0,0,0,0,0,0,0,0,0,0,0,0,0,0,0,0,0,0,0,0,0,0,0,0,0,0,0,0,0,0,0,0,0,0,0,0,0,1
22-16876565-rs5748409,0,0,1,0,0,1,0,0,0,0,0,0,0,1,0,0,0,0,0,0,0,0,0,0,0,0,0,0,0,0,0,0,0,0,0,0,0,0,1,0,0,0,0,0,1,0,0,0,0,0
22-16876566-rs131556,0,1,1,0,0,1,0,0,0,0,0,2,0,1,1,0,1,0,0,0,0,0,0,0,0,0,0,1,0,0,0,0,0,0,0,0,0,0,1,0,0,0,1,0,1,0,0,0,0,0
22-16876585-rs9606148,0,0,1,2,1,1,1,0,1,2,1,0,1,1,0,1,1,2,0,1,1,2,2,1,2,2,1,1,0,2,1,2,0,1,1,1,0,1,0,1,2,0,0,2,0,2,0,1,1,1
22-16876636-rs5746823,0,0,1,0,0,1,0,0,0,0,0,0,0,1,0,0,0,0,0,0,0,0,0,0,0,0,0,0,0,0,0,0,0,0,0,0,0,0,1,0,0,0,0,0,1,0,0,0,0,0
22-16876681-rs131557,1,1,1,0,1,2,2,0,1,0,0,2,0,1,1,0,1,0,0,2,1,1,0,0,0,0,1,1,1,0,0,1,1,1,1,1,2,1,1,0,1,1,2,0,1,1,2,1,0,0
22-16876692-rs142970025,0,0,0,0,0,0,0,0,0,0,0,1,0,0,0,0,0,0,0,0,0,0,0,0,0,0,0,1,0,0,0,0,0,0,0,0,0,0,0,0,0,0,1,0,0,0,0,0,0,0
22-16876715-rs9605014,0,0,1,2,0,1,0,0,1,2,1,0,1,1,0,1,1,2,0,0,1,1,2,1,2,2,1,1,0,2,1,1,0,1,1,1,0,0,0,1,1,0,0,2,0,1,0,1,1,1
22-16876816-rs139853552,0,0,0,0,0,0,0,0,0,0,0,0,0,0,0,1,0,0,0,0,0,0,0,0,0,1,0,0,0,1,0,0,0,0,0,0,0,0,0,0,0,0,0,0,0,0,0,0,0,0
22-16876821-rs191749856,0,0,0,0,0,0,0,0,0,0,0,0,0,0,0,1,0,0,0,0,0,0,0,0,0,1,0,0,0,1,0,0,0,0,0,0,0,0,0,0,0,0,0,0,0,0,0,0,0,0
22-16876839-rs131558,0,1,0,0,0,0,0,0,0,0,0,1,0,1,1,0,1,0,0,0,0,0,0,0,0,0,0,0,0,0,0,0,0,0,0,0,0,0,0,0,0,0,0,0,0,0,0,0,0,0
22-16876962-rs145907644,1,0,1,0,1,1,0,0,1,1,0,0,0,0,1,0,0,0,0,0,0,0,1,1,0,0,1,1,0,0,1,0,1,1,0,0,1,1,0,1,0,1,1,1,0,0,0,1,1,0
22-16877107-rs141164610,0,0,0,0,0,0,0,0,0,0,0,1,0,0,0,0,0,0,0,0,0,0,0,0,0,0,0,1,0,0,0,0,0,0,0,0,0,0,0,0,0,0,1,0,0,0,0,0,0,0
22-16877135-rs140378,0,1,0,0,0,0,0,0,0,0,0,1,0,0,1,0,1,0,0,0,0,0,0,0,0,0,0,0,0,0,0,0,0,0,0,0,0,0,0,0,0,0,0,0,0,0,0,0,0,0
22-16877230-rs131560,0,1,0,0,0,0,0,0,0,0,0,1,0,0,1,0,1,0,0,0,0,0,0,0,0,0,0,0,0,0,0,0,0,0,0,0,0,0,0,0,0,0,0,0,0,0,0,0,0,0
22-16877315-rs131561,1,1,0,0,1,0,1,1,0,0,1,0,1,0,1,1,0,0,1,0,1,0,0,1,0,0,1,0,1,0,1,0,1,1,0,1,1,1,1,1,0,1,1,0,1,0,1,1,1,1
22-16877799-rs9606168,2,2,1,0,1,1,1,2,0,0,1,2,1,1,2,1,1,0,1,1,1,1,0,1,0,0,1,1,1,0,1,0,2,1,0,1,1,1,2,1,0,1,2,0,2,1,2,1,1,1
22-16878423-rs131564,1,1,0,0,1,0,1,1,0,0,1,0,1,0,1,1,0,0,1,0,1,0,0,1,0,0,1,0,1,0,1,0,1,1,0,1,1,1,1,1,0,1,0,0,1,0,1,1,1,1
22-16878941-rs188798391,0,0,0,0,0,0,0,0,1,0,0,0,0,0,0,0,0,0,0,1,0,0,0,0,0,0,0,0,1,0,0,0,0,0,1,0,1,0,0,0,0,1,0,0,0,0,0,0,0,0
22-16878981-rs148431127,0,0,0,0,0,0,0,0,0,0,0,1,0,0,0,0,0,0,0,0,0,0,0,0,0,0,0,1,0,0,0,0,0,0,0,0,0,0,0,0,0,0,1,0,0,0,0,0,0,0
22-16878995-rs142484509,0,0,0,0,0,0,0,0,0,0,0,1,0,0,0,0,0,0,0,0,0,0,0,0,0,0,0,1,0,0,0,0,0,0,0,0,0,0,0,0,0,0,1,0,0,0,0,0,0,0
22-16879056-rs9605042,2,2,1,0,1,1,1,2,0,0,1,1,1,1,2,1,1,0,1,0,1,0,0,1,0,0,1,0,1,0,1,0,2,1,0,1,1,1,2,1,0,1,1,0,2,0,2,1,1,1
22-16879124-rs143466124,0,0,0,0,0,0,0,0,0,0,0,1,0,0,0,0,0,0,0,0,0,0,0,0,0,0,0,1,0,0,0,0,0,0,0,0,0,0,0,0,0,0,1,0,0,0,0,0,0,0
22-16879151-rs131565,1,1,0,0,1,0,1,2,0,0,1,0,1,0,1,1,0,0,1,0,1,0,0,1,0,0,1,0,1,0,1,0,1,1,0,1,1,1,1,1,0,1,1,0,1,0,1,1,1,1
22-16879285-rs186070939,0,0,0,0,0,0,0,0,1,0,0,0,0,0,0,0,0,0,0,1,0,0,0,0,0,0,0,0,1,0,0,0,0,0,1,0,1,0,0,0,0,1,0,0,0,0,0,0,0,0
22-16879530-rs131566,0,1,0,0,0,0,0,0,0,0,0,0,0,0,1,0,1,0,0,0,0,0,0,0,0,0,0,0,0,0,0,0,0,0,0,0,0,0,0,0,0,0,0,0,0,0,0,0,0,0
22-16879591-rs140323020,0,0,0,0,0,0,0,0,0,0,0,1,0,0,0,0,0,0,0,0,0,0,0,0,0,0,0,1,0,0,0,0,0,0,0,0,0,0,0,0,0,0,0,0,0,0,0,0,0,0
22-16880072-rs131567,2,1,0,0,1,0,1,2,0,0,1,0,1,0,1,1,0,0,1,0,1,0,0,1,0,0,1,0,1,0,1,0,2,1,0,1,1,1,1,1,0,1,1,0,1,0,2,1,1,1
22-16880098-rs140380,0,1,0,0,0,0,0,0,0,0,0,0,0,0,1,0,1,0,0,0,0,0,0,0,0,0,0,0,0,0,0,0,0,0,0,0,0,0,0,0,0,0,0,0,0,0,0,0,0,0
22-16880117-rs141431439,0,0,0,0,0,0,0,0,1,0,0,0,0,0,0,0,0,0,0,1,0,0,0,0,0,0,0,0,1,0,0,0,0,0,1,0,1,0,0,0,0,1,0,0,0,0,0,0,0,0
22-16880129-rs147528248,0,0,0,0,0,0,0,0,0,0,0,1,0,0,0,0,0,0,0,0,0,0,0,0,0,0,0,1,0,0,0,0,0,0,0,0,0,0,0,0,0,0,1,0,0,0,0,0,0,0
22-16880230-rs131568,2,1,1,0,1,1,1,2,0,0,1,2,1,0,1,1,0,0,0,0,1,0,0,1,0,0,1,1,1,0,1,0,2,1,0,1,1,1,2,1,0,1,2,0,1,0,2,1,1,1
22-16880437-rs131569,2,1,0,0,1,0,1,1,0,0,1,0,1,0,1,1,0,0,1,0,1,0,0,1,0,0,1,0,1,0,1,0,2,1,0,1,1,1,1,1,0,1,0,0,1,0,2,1,1,1
22-16880543-rs149902675,0,0,0,0,0,0,0,0,0,0,0,2,0,0,0,0,0,0,0,0,0,0,0,0,0,0,0,1,0,0,0,0,0,0,0,0,0,0,0,0,0,0,1,0,0,0,0,0,0,0
22-16880730-rs9606263,0,0,1,1,1,1,1,0,1,2,1,0,1,1,0,1,1,2,1,1,1,2,1,1,2,2,1,1,0,2,1,1,0,1,1,1,0,1,0,1,2,0,0,2,0,2,0,1,1,1
22-16881523-rs138513313,0,0,0,0,0,0,0,0,1,0,0,0,0,0,0,0,0,0,0,1,0,0,0,0,0,0,0,0,1,0,0,0,0,0,1,0,1,0,0,0,0,1,0,0,0,0,0,0,0,0
22-16881679-rs131571,0,1,0,0,0,0,0,0,0,0,0,0,0,1,1,0,1,0,0,0,0,0,0,0,0,0,0,1,0,0,0,0,0,0,0,0,0,0,0,0,0,0,0,0,0,0,0,0,0,0
