,5-7362997,rs6891963,rs347421,rs62461360,rs28788872,rs6948782,rs10953472,11-21798013,rs12576450,rs11216590
ID_1,1,1,1,0,1,0,0,0,0,0
ID_2,0,0,2,0,1,0,0,0,0,0
ID_3,0,1,2,0,1,0,0,0,2,1
ID_4,0,0,2,0,2,1,0,0,0,0
ID_5,0,2,1,0,1,2,0,0,0,1
ID_6,1,1,2,0,1,2,0,0,0,1
ID_7,1,1,2,0,2,1,0,0,0,1
ID_8,2,2,2,0,0,0,0,0,1,0
ID_9,1,2,2,0,1,0,0,0,0,1
ID_10,1,0,2,0,2,1,0,0,1,1
ID_11,1,1,2,0,0,1,0,0,0,1
ID_12,1,1,2,0,1,0,0,0,0,1
ID_13,1,2,2,0,2,1,0,0,0,1
ID_14,1,2,2,0,1,1,0,0,0,0
ID_15,0,2,2,0,2,1,0,0,0,0
ID_16,2,0,2,0,1,0,0,0,0,0
ID_17,0,1,2,0,1,2,0,0,0,1
ID_18,0,1,2,0,2,1,0,0,0,0
ID_19,1,1,2,0,2,1,0,0,2,1
ID_20,1,1,1,0,2,2,0,0,0,0
ID_21,2,2,2,0,1,1,0,0,0,0
ID_22,1,2,2,0,1,2,0,0,1,0
ID_23,0,1,1,0,2,1,0,0,0,0
ID_24,0,2,2,0,1,1,0,0,0,1
ID_25,2,2,2,1,2,0,0,0,1,0
ID_26,1,1,2,0,2,1,1,0,0,0
ID_27,0,1,2,1,1,2,0,0,0,0
ID_28,1,2,2,0,2,1,0,0,0,1
ID_29,1,1,2,0,1,1,0,0,0,2
ID_30,0,2,2,0,1,0,1,0,1,0
ID_31,1,2,2,0,2,0,0,0,0,0
ID_32,1,1,2,0,0,0,0,0,0,0
ID_33,1,2,2,0,2,0,0,0,0,2
ID_34,0,1,2,0,0,2,0,0,0,0
ID_35,2,2,2,0,1,0,0,0,1,2
ID_36,2,1,2,0,2,0,0,0,0,1
ID_37,1,1,2,1,1,0,0,0,2,1
ID_38,1,1,1,0,2,0,0,0,0,0
ID_39,1,2,1,0,2,0,0,0,1,1
ID_40,1,0,2,1,0,1,0,0,1,0
ID_41,2,2,2,0,1,0,0,0,0,1
ID_42,1,2,2,0,2,2,0,0,0,0
ID_43,1,2,1,0,1,2,0,0,0,1
ID_44,0,0,2,0,1,1,0,0,1,0
ID_45,1,1,1,0,2,2,0,0,0,0
ID_46,1,2,2,0,1,2,0,0,1,0
ID_47,1,1,1,0,1,1,0,0,0,1
ID_48,1,1,2,0,0,2,0,0,0,0
ID_49,2,1,2,0,0,0,0,0,0,0
ID_50,1,1,2,0,0,1,0,0,0,0
ID_51,2,2,1,0,2,0,0,0,1,0
ID_52,2,1,2,0,2,0,0,0,1,0
ID_53,0,0,2,0,0,0,0,0,0,0
ID_54,1,2,2,0,2,0,0,0,0,1
ID_55,2,1,1,0,1,0,0,0,0,1
ID_56,2,2,1,0,1,0,0,0,1,1
ID_57,1,0,2,0,0,1,0,0,1,1
ID_58,2,1,2,0,2,2,0,0,0,1
ID_59,1,1,2,0,1,2,0,0,1,1
ID_60,1,1,2,0,2,1,0,0,0,0
ID_61,0,0,2,0,2,2,0,0,0,1
ID_62,1,2,2,0,2,1,0,0,0,2
ID_63,1,1,1,0,2,0,0,0,1,0
ID_64,0,0,0,0,1,0,0,0,0,0
ID_65,0,2,2,0,1,1,0,0,0,2
ID_66,2,0,2,0,0,1,0,0,0,0
ID_67,0,2,2,0,2,0,0,0,1,1
ID_68,0,1,2,0,2,2,0,0,0,1
ID_69,1,2,2,0,0,2,0,0,0,0
ID_70,1,1,2,0,0,1,0,0,0,2
ID_71,1,1,2,0,2,1,0,0,0,2
ID_72,1,1,2,0,1,2,0,0,0,0
ID_73,1,1,2,0,0,2,0,0,1,1
ID_74,1,1,1,0,2,0,0,0,0,0
ID_75,1,2,2,0,2,1,0,0,0,1
ID_76,0,2,1,0,2,0,0,0,0,0
ID_77,0,1,2,0,2,1,0,0,0,1
ID_78,0,0,2,0,1,1,0,0,0,1
ID_79,1,1,2,0,2,2,0,0,0,0
ID_80,1,0,1,0,1,0,0,0,1,0
ID_81,1,2,2,0,1,0,0,0,1,1
ID_82,1,1,2,0,2,1,0,0,0,0
ID_83,0,1,2,0,1,1,0,0,0,2
ID_84,0,1,2,0,0,2,0,0,1,0
ID_85,0,2,2,0,2,1,0,0,0,0
ID_86,1,1,2,0,2,2,0,0,0,1
ID_87,1,1,2,0,1,1,0,0,0,0
ID_88,1,1,2,0,1,1,0,0,0,1
ID_89,0,1,2,0,1,1,0,0,2,1
ID_90,1,2,2,0,1,0,0,0,0,0
ID_91,0,1,1,0,2,0,0,0,1,1
ID_92,1,1,2,0,2,2,0,0,0,0
ID_93,1,0,2,0,2,0,0,0,1,1
ID_94,1,2,2,0,1,0,0,0,0,1
ID_95,1,2,2,0,1,0,0,0,0,1
ID_96,0,1,2,0,1,1,0,0,0,1
ID_97,1,1,2,0,1,0,0,0,0,1
ID_98,0,1,2,0,2,1,0,0,0,2
ID_99,1,0,1,0,0,1,0,0,1,2
ID_100,1,1,1,1,1,1,0,0,0,1
ID_101,0,2,2,0,2,0,1,0,0,2
ID_102,1,0,2,1,0,1,0,0,0,0
ID_103,0,0,2,0,2,1,0,0,0,1
ID_104,2,1,2,0,1,1,0,0,1,0
ID_105,1,1,2,0,1,0,0,0,0,1
ID_106,1,2,2,0,0,2,0,0,0,1
ID_107,1,2,2,0,1,1,0,0,0,2
ID_108,1,0,2,0,1,0,0,0,1,0
ID_109,1,1,1,0,1,2,0,0,1,1
ID_110,0,0,2,0,2,0,0,0,0,0
ID_111,0,0,1,0,2,1,0,0,0,0
ID_112,1,0,2,0,2,1,0,0,0,0
ID_113,1,0,2,0,1,1,0,0,0,2
ID_114,1,1,2,0,1,0,0,0,1,0
ID_115,1,1,2,0,1,0,0,0,1,1
ID_116,0,1,2,0,2,2,0,0,0,2
ID_117,1,1,2,0,1,2,0,0,0,0
ID_118,1,1,1,0,0,2,0,0,0,0
ID_119,0,0,2,0,1,0,0,0,1,0
ID_120,2,1,2,0,1,2,0,0,1,2
ID_121,1,2,2,0,2,1,0,0,1,1
ID_122,2,1,2,1,2,1,0,0,1,2
ID_123,1,2,2,0,0,0,0,0,0,0
ID_124,0,2,2,0,1,0,0,0,1,0
ID_125,1,1,2,0,1,1,0,0,0,0
ID_126,0,2,2,0,2,1,0,0,0,0
ID_127,0,2,2,0,1,0,0,0,0,1
ID_128,1,1,1,0,1,1,0,0,0,0
ID_129,1,2,2,0,2,2,0,0,0,0
ID_130,1,2,2,0,2,1,0,0,1,0
ID_131,0,2,2,0,1,1,0,0,0,1
ID_132,2,1,2,0,1,2,0,0,0,0
ID_133,1,0,2,0,0,1,0,0,1,0
ID_134,0,1,2,0,2,0,0,0,0,0
ID_135,1,1,1,0,2,1,0,0,0,0
ID_136,1,0,2,0,0,1,0,0,0,1
ID_137,1,1,2,0,1,2,0,0,0,1
ID_138,0,1,2,0,0,0,0,0,1,0
ID_139,1,0,2,0,2,2,0,0,1,0
ID_140,0,1,2,0,2,1,0,0,0,1
ID_141,1,1,1,0,0,0,0,0,0,0
ID_142,1,1,2,0,1,2,0,0,1,1
ID_143,1,2,2,0,2,2,0,0,1,1
ID_144,1,1,1,0,1,0,0,0,0,0
ID_145,1,2,1,1,1,0,0,0,1,1
ID_146,2,2,2,1,1,2,0,0,1,1
ID_147,0,1,2,0,1,0,0,0,0,2
ID_148,1,1,2,0,1,2,1,0,0,1
ID_149,1,2,2,0,1,2,0,0,1,0
ID_150,1,0,2,0,0,0,0,0,0,0
ID_151,1,0,2,0,2,0,0,0,0,0
ID_152,2,2,2,0,1,1,0,0,0,0
ID_153,0,0,2,1,2,2,0,0,1,0
ID_154,1,2,2,0,2,0,0,0,1,0
ID_155,1,0,2,0,1,1,0,0,2,0
ID_156,0,0,2,0,0,2,0,0,0,1
ID_157,0,2,1,0,2,2,0,0,1,0
ID_158,2,1,2,0,2,2,0,0,1,0
ID_159,1,1,2,0,1,2,0,0,1,1
ID_160,0,1,2,0,2,0,0,0,0,0
ID_161,0,2,0,0,1,1,0,0,0,0
ID_162,0,1,2,0,2,1,0,0,0,1
ID_163,0,0,2,0,0,1,0,0,0,0
ID_164,1,1,2,0,1,1,0,0,0,1
ID_165,2,1,2,0,1,1,0,0,0,0
ID_166,0,0,2,0,2,1,1,0,0,1
ID_167,0,2,2,0,1,1,0,0,1,2
ID_168,0,0,2,0,2,2,0,0,0,0
ID_169,2,0,2,0,2,0,0,0,0,0
ID_170,2,2,1,0,1,1,0,0,0,1
ID_171,1,0,1,0,0,1,0,0,0,0
ID_172,1,1,2,0,1,1,0,0,0,1
ID_173,1,1,2,0,0,2,0,0,1,1
ID_174,0,0,0,0,1,1,1,0,0,1
ID_175,1,0,2,0,0,1,0,0,0,2
ID_176,1,1,1,1,1,2,0,0,0,1
ID_177,1,0,0,1,2,1,0,0,0,2
ID_178,1,2,1,0,1,2,1,0,0,2
ID_179,1,1,1,0,2,0,0,0,1,0
ID_180,1,0,2,0,1,2,0,0,1,0
ID_181,0,2,2,0,2,2,0,0,0,1
ID_182,2,0,2,0,2,1,0,0,0,0
ID_183,1,1,2,0,2,0,0,0,1,2
ID_184,0,1,2,1,1,1,0,0,0,0
ID_185,0,1,2,0,1,2,0,0,1,1
ID_186,1,2,2,0,1,0,0,0,1,0
ID_187,1,0,2,0,1,0,0,0,1,0
ID_188,1,2,2,0,2,0,0,0,0,0
ID_189,1,1,1,0,1,1,0,0,0,0
ID_190,0,1,2,1,1,0,0,0,0,1
ID_191,0,1,2,0,1,1,0,0,0,2
ID_192,1,1,1,0,1,1,0,0,1,1
ID_193,1,1,2,0,2,1,0,0,0,1
ID_194,0,2,1,0,0,1,0,0,0,0
ID_195,0,0,2,0,1,0,0,0,0,1
ID_196,0,1,2,0,2,1,0,0,0,0
ID_197,1,1,1,0,2,2,0,0,1,0
ID_198,1,1,2,0,2,1,1,0,1,0
ID_199,1,0,1,0,0,1,0,0,1,0
ID_200,1,1,1,0,1,1,0,0,0,0
ID_201,1,1,2,0,1,0,0,0,0,1
ID_202,0,1,1,1,1,2,0,0,0,0
ID_203,1,2,2,0,2,1,0,0,0,0
ID_204,1,0,2,0,2,1,0,0,0,1
ID_205,0,0,1,0,2,1,0,0,0,1
ID_206,2,0,2,0,2,1,0,0,1,2
ID_207,0,1,2,0,1,0,0,0,0,0
ID_208,2,2,2,0,1,2,0,0,1,1
ID_209,1,1,2,0,0,2,0,0,0,0
ID_210,1,1,2,0,2,2,1,0,0,1
ID_211,2,0,2,0,1,1,0,0,0,1
ID_212,1,1,1,0,1,1,0,0,1,1
ID_213,2,1,2,0,1,1,0,0,1,0
ID_214,0,2,2,0,2,1,0,0,0,0
ID_215,1,1,2,0,2,1,0,0,1,1
ID_216,1,2,1,0,0,1,0,0,0,1
ID_217,1,1,2,0,0,1,0,0,0,1
ID_218,1,2,1,0,2,1,0,0,0,0
ID_219,1,1,2,0,1,1,0,0,0,1
ID_220,1,2,2,0,1,0,0,0,0,0
ID_221,1,1,1,0,1,1,0,0,0,0
ID_222,0,2,2,0,2,1,0,0,1,1
ID_223,1,0,2,0,2,1,0,0,0,2
ID_224,2,1,2,0,0,1,0,0,2,1
ID_225,0,1,1,0,2,1,0,0,0,1
ID_226,0,2,2,0,1,1,0,0,0,1
ID_227,1,1,2,0,1,1,0,0,0,1
ID_228,1,2,2,0,1,0,0,0,0,0
ID_229,0,0,2,0,2,2,0,0,2,1
ID_230,1,1,1,0,0,2,0,0,0,1
ID_231,2,2,2,0,2,2,0,0,0,1
ID_232,1,2,2,0,0,1,0,0,1,0
ID_233,1,2,1,0,2,0,0,0,0,0
ID_234,1,1,2,0,1,0,0,0,1,0
ID_235,0,1,2,0,2,0,0,0,1,1
ID_236,0,0,2,0,0,0,0,0,1,0
ID_237,0,1,2,0,2,1,0,0,0,0
ID_238,0,2,1,0,1,1,0,0,0,0
ID_239,0,2,2,0,0,2,0,0,1,0
ID_240,0,2,2,0,2,1,0,0,0,1
ID_241,2,0,2,0,1,1,0,0,1,1
ID_242,0,2,2,1,0,2,0,0,0,1
ID_243,1,2,2,0,1,0,0,0,1,1
ID_244,1,0,2,0,0,0,0,0,1,1
ID_245,0,1,2,0,1,1,0,0,0,1
ID_246,2,1,2,1,1,2,0,0,1,1
ID_247,0,2,2,0,2,1,0,0,0,0
ID_248,0,1,2,0,2,1,0,0,0,1
ID_249,1,1,2,0,2,1,0,0,0,1
ID_250,2,1,2,0,0,1,0,0,0,1
ID_251,0,0,2,0,1,1,0,0,1,1
ID_252,2,0,1,0,1,1,0,0,0,0
ID_253,0,1,2,0,1,1,0,0,0,0
ID_254,0,2,2,0,2,2,0,0,0,0
ID_255,0,0,2,0,2,1,0,0,0,0
ID_256,1,1,2,0,1,1,0,0,1,1
ID_257,0,2,2,0,0,1,0,0,0,0
ID_258,1,1,1,0,2,1,0,0,0,1
ID_259,1,0,2,0,2,1,0,0,0,0
ID_260,2,1,2,0,0,0,0,0,1,0
ID_261,1,2,2,0,1,1,0,0,1,1
ID_262,1,1,0,0,1,1,0,0,0,0
ID_263,0,1,2,0,2,2,0,0,0,1
ID_264,2,1,2,0,1,0,0,0,1,0
ID_265,0,1,1,0,1,1,0,0,1,0
ID_266,1,2,2,1,2,0,0,0,0,1
ID_267,2,2,0,0,0,1,0,0,1,1
ID_268,2,1,2,0,2,2,0,0,0,0
ID_269,1,1,1,1,1,0,0,0,1,1
ID_270,0,1,2,0,1,2,0,0,1,0
ID_271,1,0,2,0,2,1,0,0,0,1
ID_272,1,1,2,0,2,1,0,0,1,0
ID_273,0,0,2,0,1,1,0,0,0,0
ID_274,1,0,1,0,1,1,0,0,1,0
ID_275,1,0,1,0,1,0,0,0,1,1
ID_276,2,0,2,0,1,1,0,0,0,1
ID_277,0,1,1,0,1,1,0,0,0,0
ID_278,1,2,2,0,2,1,0,0,1,0
ID_279,1,2,2,0,2,1,1,0,0,1
ID_280,0,0,2,0,1,2,0,0,0,1
ID_281,2,1,1,0,1,2,0,0,2,1
ID_282,2,1,2,0,2,1,0,0,1,0
ID_283,1,2,2,1,2,1,0,0,0,2
ID_284,0,1,2,0,1,1,0,0,1,0
ID_285,1,2,2,0,2,1,1,0,0,1
ID_286,1,1,2,0,2,1,0,0,0,1
ID_287,0,1,2,0,1,2,0,0,1,0
ID_288,0,2,1,0,2,0,0,0,1,0
ID_289,0,1,1,0,1,1,0,0,0,0
ID_290,0,0,2,0,0,0,0,0,0,1
ID_291,0,1,2,0,1,0,0,0,1,1
ID_292,0,2,2,0,0,0,0,0,0,1
ID_293,0,1,2,0,1,0,0,0,0,2
ID_294,1,2,2,0,1,1,0,0,0,0
ID_295,1,1,2,0,0,0,0,0,0,1
ID_296,0,2,1,0,1,1,0,0,0,0
ID_297,0,1,2,0,0,1,0,0,0,0
ID_298,1,1,2,0,0,0,0,0,1,0
ID_299,0,2,1,0,2,1,0,0,0,1
ID_300,2,2,2,0,2,2,0,0,0,1
ID_301,1,0,2,0,2,1,0,0,0,1
ID_302,2,1,2,0,1,2,0,0,0,0
ID_303,2,2,1,0,1,1,0,0,1,2
ID_304,0,1,2,0,2,1,0,0,1,1
ID_305,1,0,2,0,2,1,1,0,1,1
ID_306,1,1,2,0,0,1,0,0,1,1
ID_307,0,1,2,0,1,0,0,0,0,0
ID_308,1,1,2,0,2,1,0,0,0,1
ID_309,0,2,2,0,2,1,0,0,1,0
ID_310,1,2,2,0,1,2,0,0,1,2
ID_311,1,1,2,0,1,0,0,0,0,1
ID_312,1,1,2,0,1,1,0,0,0,0
ID_313,1,1,2,0,0,1,0,0,1,1
ID_314,1,2,2,0,0,2,0,0,1,2
ID_315,1,2,2,0,1,0,0,0,0,1
ID_316,0,1,2,0,0,0,0,0,0,0
ID_317,1,2,2,0,2,1,0,0,0,1
ID_318,1,2,2,0,1,2,0,0,1,0
ID_319,0,1,1,0,2,1,0,0,0,1
ID_320,1,2,1,0,1,1,0,0,1,1
ID_321,0,1,2,0,2,0,0,0,0,0
ID_322,1,2,1,0,2,1,0,0,0,1
ID_323,1,0,2,0,0,0,1,0,1,0
ID_324,1,2,2,0,1,1,0,0,0,0
ID_325,1,1,2,1,2,1,0,0,0,1
ID_326,1,2,2,0,1,0,0,0,0,1
ID_327,1,2,2,0,0,0,0,0,0,2
ID_328,1,2,2,0,1,2,0,0,0,1
ID_329,1,0,1,0,0,1,0,0,0,0
ID_330,1,1,2,0,0,1,0,0,0,0
ID_331,0,1,2,0,1,2,0,0,1,0
ID_332,0,1,2,0,2,0,0,0,0,1
ID_333,2,2,1,0,0,1,0,0,1,1
ID_334,2,1,2,0,1,0,0,0,1,1
ID_335,1,2,2,0,2,2,0,0,1,1
ID_336,1,2,2,0,2,1,0,0,0,1
ID_337,0,0,2,0,1,1,0,0,0,0
ID_338,2,0,2,0,1,0,0,0,0,1
ID_339,2,1,2,0,1,2,0,0,1,0
ID_340,1,0,2,0,1,0,0,0,1,0
ID_341,1,1,2,0,0,1,0,0,0,0
ID_342,1,0,2,0,1,2,0,0,0,1
ID_343,0,0,2,0,0,1,0,0,0,0
ID_344,0,2,1,0,0,1,0,0,0,0
ID_345,1,1,2,0,1,2,0,0,0,0
ID_346,1,1,2,0,2,2,0,0,0,1
ID_347,0,0,2,0,2,1,0,0,0,1
ID_348,0,0,2,0,0,1,0,0,1,0
ID_349,0,1,2,0,2,0,0,0,0,1
ID_350,2,1,2,0,1,0,0,0,0,1
ID_351,1,2,2,0,2,2,0,0,0,1
ID_352,2,1,2,0,2,0,0,0,0,0
ID_353,0,1,2,0,1,0,0,0,0,1
ID_354,1,1,2,0,2,1,0,0,1,0
ID_355,1,0,2,0,1,2,0,0,0,1
ID_356,2,2,2,0,0,0,0,0,1,1
ID_357,1,1,2,0,2,1,0,0,1,0
ID_358,1,1,2,0,2,0,0,0,1,2
ID_359,1,1,2,0,0,2,0,0,0,0
ID_360,0,1,2,0,0,1,0,0,2,0
ID_361,0,1,1,1,1,0,0,0,1,1
ID_362,2,1,2,0,0,1,0,0,0,1
ID_363,1,1,2,0,0,1,0,0,0,1
ID_364,0,2,2,0,2,1,0,0,0,0
ID_365,0,1,1,0,2,1,0,0,0,1
ID_366,1,1,2,0,0,1,0,0,1,0
ID_367,2,1,2,0,2,1,0,0,0,1
ID_368,1,1,2,0,2,1,0,0,0,0
ID_369,2,0,2,0,1,1,0,0,0,1
ID_370,1,2,1,0,0,0,0,0,0,0
ID_371,0,2,1,0,0,0,0,0,0,0
ID_372,0,2,2,0,1,1,0,0,1,2
ID_373,0,1,2,0,1,1,0,0,0,0
ID_374,2,1,2,0,2,2,0,0,1,2
ID_375,1,1,2,0,2,1,0,0,0,1
ID_376,1,2,1,0,0,0,0,0,0,1
ID_377,0,0,1,0,2,2,0,0,1,1
ID_378,1,1,1,0,1,2,0,0,0,1
ID_379,2,1,0,0,2,0,0,0,0,1
ID_380,0,0,2,0,0,2,0,0,0,0
ID_381,2,2,2,0,1,1,0,0,0,1
ID_382,1,0,2,0,2,1,0,0,1,1
ID_383,2,2,2,0,1,2,0,0,0,0
ID_384,1,2,2,0,1,1,0,0,0,0
ID_385,1,0,2,0,0,1,0,0,0,1
ID_386,1,0,2,0,2,2,0,0,1,1
ID_387,0,1,2,0,0,0,0,0,1,0
ID_388,2,0,2,0,2,1,0,0,1,0
ID_389,1,0,2,0,1,0,0,0,0,1
ID_390,1,0,2,0,1,0,1,0,0,1
ID_391,0,2,1,0,2,1,0,0,0,0
ID_392,2,0,2,0,0,0,0,0,0,0
ID_393,1,0,2,0,1,2,0,0,0,1
ID_394,1,1,2,0,2,0,0,0,0,2
ID_395,2,2,2,0,1,2,0,0,0,0
ID_396,0,2,2,0,2,1,0,0,1,1
ID_397,2,0,1,0,1,2,0,0,0,0
ID_398,1,2,1,0,1,0,0,0,2,0
ID_399,0,2,2,0,1,1,0,0,0,0
ID_400,0,2,2,0,1,2,0,0,0,0
ID_401,2,0,2,0,0,0,0,0,0,1
ID_402,1,2,1,0,1,1,0,0,0,0
ID_403,1,0,2,0,1,1,0,0,0,1
ID_404,0,2,1,0,1,1,0,0,0,1
ID_405,1,0,2,0,1,1,0,0,0,0
ID_406,1,0,2,0,1,2,0,0,0,0
ID_407,0,1,2,1,1,0,0,0,1,1
ID_408,0,2,1,0,2,0,0,0,0,0
ID_409,1,1,1,0,0,1,0,0,0,1
ID_410,2,1,2,0,1,0,0,0,0,0
ID_411,0,0,1,0,0,1,0,0,0,0
ID_412,1,0,2,0,1,2,1,0,0,1
ID_413,1,1,2,0,1,1,0,0,1,1
ID_414,2,1,2,0,1,1,0,0,1,1
ID_415,0,1,2,1,2,0,0,0,0,2
ID_416,1,1,2,0,0,0,0,0,0,1
ID_417,1,0,2,1,2,1,0,0,0,0
ID_418,2,2,2,0,0,1,0,0,0,1
ID_419,0,2,2,0,1,1,0,0,2,0
ID_420,0,1,1,0,2,0,0,0,0,0
ID_421,1,1,2,0,1,2,0,0,1,1
ID_422,1,0,2,0,2,1,0,0,0,0
ID_423,2,1,1,0,0,0,0,0,0,0
ID_424,1,2,1,0,1,0,0,0,0,0
ID_425,1,1,2,0,1,2,0,0,0,1
ID_426,0,1,2,0,2,2,1,0,0,0
ID_427,1,1,2,0,2,2,0,0,1,1
ID_428,0,0,2,0,1,2,0,0,0,2
ID_429,1,1,2,0,1,0,0,0,0,1
ID_430,2,1,2,0,1,0,0,0,0,0
ID_431,0,1,2,0,2,2,0,0,0,0
ID_432,1,2,1,0,2,0,0,0,1,0
ID_433,1,1,2,0,1,1,0,0,0,1
ID_434,1,0,2,0,2,2,0,0,1,2
ID_435,0,2,2,0,1,1,0,0,0,0
ID_436,1,2,2,0,1,1,0,0,0,0
ID_437,2,2,1,0,1,0,0,0,0,0
ID_438,0,0,2,0,0,1,0,0,1,2
ID_439,2,0,2,0,0,2,0,0,1,0
ID_440,0,1,1,0,2,1,0,0,1,2
ID_441,1,1,2,0,2,1,0,0,0,0
ID_442,0,1,2,0,1,1,0,0,0,1
ID_443,1,1,0,0,1,1,0,0,0,1
ID_444,1,0,2,0,0,2,0,0,1,1
ID_445,1,2,2,0,0,2,0,0,0,1
ID_446,2,0,2,1,2,1,1,0,1,1
ID_447,1,1,2,0,2,1,0,0,1,0
ID_448,2,2,2,1,1,1,0,0,0,1
ID_449,1,2,1,0,2,0,0,0,0,0
ID_450,0,1,2,0,1,1,0,0,0,1
ID_451,0,2,2,0,2,1,0,0,0,2
ID_452,1,1,1,0,2,2,0,0,0,1
ID_453,0,0,1,0,2,1,0,0,0,1
ID_454,0,0,2,0,0,1,0,0,0,0
ID_455,1,1,2,0,0,0,0,0,0,2
ID_456,0,1,2,0,1,0,0,0,0,0
ID_457,2,1,1,0,0,0,0,0,0,0
ID_458,0,1,2,0,1,1,0,0,0,1
ID_459,1,2,2,0,1,0,0,0,0,0
ID_460,1,1,2,0,1,1,0,0,0,1
ID_461,0,2,2,0,2,2,0,0,1,0
ID_462,1,0,2,0,0,0,0,0,2,1
ID_463,1,0,1,0,0,1,0,0,0,1
ID_464,1,2,2,0,2,1,0,0,2,2
ID_465,2,0,2,0,1,1,0,0,0,0
ID_466,2,1,2,0,2,0,0,1,0,0
ID_467,1,2,2,0,0,1,0,0,1,1
ID_468,1,0,2,0,2,0,0,0,0,0
ID_469,0,1,2,0,2,0,0,0,1,0
ID_470,1,0,1,0,1,1,0,0,1,0
ID_471,0,0,2,0,1,0,0,0,0,0
ID_472,0,2,2,0,1,1,0,0,1,1
ID_473,1,0,2,0,1,0,0,0,0,0
ID_474,0,2,2,0,1,1,0,0,0,0
ID_475,0,0,2,0,1,1,0,0,0,0
ID_476,1,2,2,0,0,0,0,0,0,2
ID_477,2,0,1,0,2,0,0,0,1,0
ID_478,1,2,2,0,2,0,0,0,0,2
ID_479,2,1,2,0,1,2,0,0,0,1
ID_480,0,1,1,0,1,0,0,0,0,1
ID_481,1,1,2,0,1,1,0,0,0,0
ID_482,0,2,2,1,1,1,0,0,0,0
ID_483,1,0,2,0,1,1,0,0,0,1
ID_484,0,1,2,0,1,1,0,0,0,1
ID_485,0,1,2,0,2,0,0,0,0,0
ID_486,2,2,2,0,1,1,0,0,2,1
ID_487,2,2,2,0,1,1,0,0,0,1
ID_488,2,0,1,0,2,1,0,0,0,0
ID_489,0,0,2,0,2,0,0,0,0,2
ID_490,2,0,2,0,0,2,0,0,1,0
ID_491,1,2,1,0,0,1,0,0,0,1
ID_492,0,2,0,0,0,1,0,0,1,0
ID_493,2,2,2,0,1,1,0,0,0,1
ID_494,2,2,2,0,1,2,0,0,0,2
ID_495,1,0,1,1,1,0,0,0,1,1
ID_496,1,1,2,0,2,0,0,0,0,0
ID_497,0,1,2,1,2,1,0,0,0,0
ID_498,1,2,1,0,2,1,0,0,0,2
ID_499,0,1,2,0,1,0,0,0,0,2
ID_500,1,1,2,0,1,1,0,0,0,0
ID_501,0,2,2,0,0,0,0,0,0,1
ID_502,2,2,2,0,2,2,0,0,0,1
ID_503,1,0,1,0,2,0,0,0,1,2
ID_504,0,1,2,0,1,0,0,0,0,0
ID_505,1,1,2,0,2,1,0,0,0,1
ID_506,1,2,2,0,0,2,0,0,0,0
ID_507,0,1,1,0,2,0,0,0,0,1
ID_508,0,1,2,0,1,1,0,0,0,1
ID_509,0,1,2,0,2,1,0,0,1,0
ID_510,1,0,2,0,1,2,0,0,0,1
ID_511,2,1,2,0,1,0,0,0,1,0
ID_512,1,1,2,0,1,1,0,0,0,1
ID_513,1,1,2,0,2,0,0,0,0,0
ID_514,1,1,2,0,2,0,0,0,1,1
ID_515,1,1,2,0,0,1,0,0,1,2
ID_516,0,1,2,0,1,1,0,0,0,0
ID_517,0,1,2,0,2,1,0,0,1,0
ID_518,1,2,2,0,1,1,0,0,0,0
ID_519,1,1,2,0,2,0,0,0,0,1
ID_520,0,2,1,0,1,0,0,0,0,2
ID_521,1,2,1,1,2,1,0,0,1,0
ID_522,1,0,2,0,1,0,0,0,0,1
ID_523,0,1,2,0,0,2,0,0,0,2
ID_524,2,2,1,0,2,0,0,0,1,1
ID_525,1,1,2,0,2,0,0,0,0,1
ID_526,1,2,1,0,2,1,0,0,0,1
ID_527,0,2,2,0,2,0,0,0,2,0
ID_528,2,1,2,0,2,2,0,0,0,0
ID_529,2,1,2,0,1,1,0,0,0,1
ID_530,1,2,2,0,2,0,0,0,0,0
ID_531,0,1,2,0,2,2,0,0,0,0
ID_532,0,0,2,0,1,0,0,0,0,1
ID_533,2,1,1,0,2,1,0,0,1,1
ID_534,0,1,1,0,2,0,0,0,0,1
ID_535,2,2,2,0,2,1,0,0,0,0
ID_536,1,2,2,0,2,1,0,0,0,0
ID_537,1,2,1,0,2,1,0,0,0,2
ID_538,0,1,2,0,1,0,0,0,0,1
ID_539,0,1,2,0,1,1,0,0,1,2
ID_540,1,2,2,0,1,1,0,0,1,1
ID_541,1,0,1,0,2,1,0,0,0,0
ID_542,1,1,2,0,1,1,0,0,0,0
ID_543,0,0,2,0,1,2,0,0,0,1
ID_544,0,1,2,0,1,1,0,0,1,1
ID_545,0,0,2,0,1,2,0,0,2,0
ID_546,1,1,2,0,0,2,0,0,0,1
ID_547,0,0,2,0,0,1,0,0,0,2
ID_548,0,1,1,0,2,1,0,0,0,2
ID_549,0,1,2,0,1,1,0,0,0,1
ID_550,2,2,2,0,2,0,0,0,0,2
ID_551,1,2,1,0,2,0,0,0,1,1
ID_552,1,1,2,0,1,1,1,0,0,0
ID_553,1,1,2,0,2,0,0,0,0,1
ID_554,1,1,2,0,2,2,0,0,0,2
ID_555,0,1,0,0,2,1,0,0,0,1
ID_556,1,0,2,0,2,0,1,0,0,2
ID_557,1,2,1,0,2,1,0,0,0,1
ID_558,2,1,1,0,1,2,0,0,0,0
ID_559,1,1,2,0,1,0,1,0,0,1
ID_560,2,1,2,0,1,1,0,0,0,2
ID_561,0,2,1,0,1,1,0,0,0,0
ID_562,0,1,2,0,2,1,0,0,1,0
ID_563,1,1,1,0,1,1,0,0,0,2
ID_564,0,1,2,0,0,1,0,0,1,0
ID_565,2,2,2,0,2,2,0,0,1,1
ID_566,1,1,2,0,1,1,0,0,0,1
ID_567,0,1,2,0,0,1,0,0,0,1
ID_568,1,1,1,0,1,0,0,0,0,1
ID_569,1,1,1,0,0,0,0,0,0,0
ID_570,0,1,2,1,1,2,0,0,0,1
ID_571,2,0,2,0,1,1,0,0,0,0
ID_572,1,2,2,0,1,0,0,0,0,0
ID_573,1,0,1,0,1,0,0,0,0,0
ID_574,1,0,1,0,2,0,0,0,0,0
ID_575,0,1,2,0,2,1,0,0,0,2
ID_576,0,2,2,0,2,0,0,0,0,1
ID_577,2,1,2,0,0,2,0,0,0,0
ID_578,1,0,1,1,0,1,0,0,0,0
ID_579,1,1,1,0,2,0,0,0,0,1
ID_580,2,2,1,0,1,1,0,0,0,0
ID_581,1,1,1,0,1,2,0,0,0,0
ID_582,1,1,2,0,0,1,0,0,0,0
ID_583,2,1,2,0,2,0,0,0,0,0
ID_584,1,1,2,0,1,1,0,0,0,1
ID_585,0,2,2,0,1,0,0,0,1,1
ID_586,1,1,1,0,0,1,0,0,0,0
ID_587,0,1,2,0,1,1,0,0,1,0
ID_588,1,1,2,0,1,1,0,0,1,1
ID_589,0,2,2,0,2,0,0,0,1,0
ID_590,0,1,2,0,1,1,0,0,0,0
ID_591,2,1,2,0,1,0,0,0,0,2
ID_592,2,0,2,0,2,0,0,0,0,0
ID_593,0,2,2,0,1,0,0,0,0,1
ID_594,2,1,1,0,2,0,0,0,0,1
ID_595,1,1,1,0,1,0,0,0,1,1
ID_596,1,1,2,0,2,1,0,0,0,1
ID_597,1,1,1,0,2,0,0,0,0,0
ID_598,0,0,0,0,2,2,0,0,0,2
ID_599,1,2,2,0,2,0,0,0,0,0
ID_600,1,1,2,1,0,1,0,0,1,1
ID_601,1,0,2,0,2,2,0,0,1,1
ID_602,0,1,2,0,2,1,0,0,0,1
ID_603,0,1,2,0,2,1,0,0,1,0
ID_604,1,2,2,0,1,1,0,0,0,1
ID_605,1,2,2,0,0,1,0,0,0,0
ID_606,2,2,2,0,1,1,0,0,1,1
ID_607,1,1,0,0,0,1,0,0,0,1
ID_608,2,2,2,0,0,1,0,0,0,1
ID_609,1,0,1,0,2,0,0,0,0,1
ID_610,1,1,1,0,1,1,0,0,0,0
ID_611,1,1,2,0,1,1,0,0,0,1
ID_612,0,1,2,0,1,0,0,0,0,1
ID_613,0,1,2,0,1,0,0,0,0,1
ID_614,0,1,1,0,1,1,0,0,0,0
ID_615,1,2,2,0,2,0,0,0,0,1
ID_616,0,1,2,0,1,1,0,0,0,0
ID_617,1,1,2,0,0,2,0,0,0,0
ID_618,2,2,2,0,1,0,0,0,0,0
ID_619,0,1,2,0,2,1,0,0,0,1
ID_620,1,2,0,0,1,2,0,0,0,1
ID_621,1,2,2,0,2,1,0,0,0,1
ID_622,0,1,1,0,2,1,0,0,0,0
ID_623,2,2,2,0,2,1,0,0,0,0
ID_624,0,2,2,0,0,2,0,0,0,0
ID_625,1,1,1,0,2,2,0,0,1,0
ID_626,2,2,2,0,2,1,0,0,0,1
ID_627,1,1,2,0,1,1,0,0,0,0
ID_628,1,1,1,0,1,1,0,0,0,0
ID_629,1,1,2,0,0,1,0,0,0,0
ID_630,0,0,1,0,2,1,0,0,1,1
ID_631,2,1,2,0,1,1,0,0,1,0
ID_632,1,1,0,0,2,1,0,0,1,1
ID_633,1,1,1,0,2,1,0,0,0,0
ID_634,0,0,1,0,2,0,0,0,0,2
ID_635,1,1,0,0,1,0,0,0,0,1
ID_636,2,1,1,0,0,1,0,0,0,0
ID_637,1,2,2,0,2,0,0,0,0,1
ID_638,0,2,2,0,0,1,0,0,0,1
ID_639,1,1,2,0,2,1,0,0,1,1
ID_640,1,1,1,0,2,0,0,0,0,1
ID_641,0,0,2,0,0,2,0,0,0,1
ID_642,0,1,2,0,1,0,0,0,0,1
ID_643,1,2,2,0,2,0,0,0,1,1
ID_644,1,2,2,0,2,0,0,0,1,0
ID_645,0,1,2,0,1,0,0,1,0,0
ID_646,2,1,2,0,1,1,0,0,0,0
ID_647,2,0,2,0,1,1,0,0,0,0
ID_648,0,1,2,0,0,1,0,0,0,1
ID_649,2,1,2,0,2,0,0,0,1,0
ID_650,1,2,2,0,2,0,0,0,0,1
ID_651,1,2,2,0,0,1,0,0,0,0
ID_652,0,1,2,0,1,1,0,1,0,0
ID_653,2,1,2,0,2,0,0,0,0,1
ID_654,1,1,2,0,0,2,0,0,2,0
ID_655,1,0,2,0,1,0,0,0,0,2
ID_656,1,1,2,0,0,1,0,0,0,1
ID_657,1,2,2,0,1,1,0,0,0,1
ID_658,1,0,2,0,2,1,0,0,1,2
ID_659,1,1,2,0,2,1,0,0,0,1
ID_660,2,0,2,0,0,0,0,0,0,1
ID_661,1,1,1,0,1,1,0,0,0,1
ID_662,0,1,2,0,1,1,0,0,0,0
ID_663,1,2,2,0,1,1,0,0,1,1
ID_664,1,2,1,0,2,0,0,0,1,0
ID_665,2,0,2,0,2,1,0,0,1,0
ID_666,1,1,2,1,1,1,0,0,0,0
ID_667,1,1,2,0,2,0,0,0,0,0
ID_668,1,0,2,0,0,0,0,0,1,1
ID_669,2,1,2,0,1,1,0,0,0,1
ID_670,2,1,1,0,2,1,0,0,0,1
ID_671,1,0,2,0,1,1,0,0,0,0
ID_672,1,2,1,0,2,1,0,0,1,0
ID_673,1,2,2,0,1,1,0,0,0,1
ID_674,0,1,2,1,2,1,0,0,0,1
ID_675,1,2,2,0,0,1,0,0,0,0
ID_676,2,2,2,0,2,2,0,0,0,0
ID_677,0,1,2,0,2,0,0,0,0,2
ID_678,0,1,2,0,2,0,0,0,1,0
ID_679,2,2,1,0,1,1,0,0,0,1
ID_680,1,1,1,0,1,0,0,0,0,0
ID_681,0,2,2,0,2,1,0,0,0,0
ID_682,1,2,2,0,2,0,0,1,0,1
ID_683,2,1,2,0,1,0,0,0,0,2
ID_684,1,2,2,0,1,1,0,0,2,0
ID_685,0,2,2,0,1,1,0,0,0,0
ID_686,1,0,2,0,2,0,0,0,0,1
ID_687,0,2,1,0,1,2,0,0,0,0
ID_688,0,0,2,0,2,0,0,0,0,0
ID_689,2,0,1,0,1,0,0,0,0,2
ID_690,1,0,1,0,0,1,0,0,0,2
ID_691,0,1,1,0,1,1,0,0,0,0
ID_692,0,1,2,0,1,0,0,0,1,0
ID_693,2,2,1,0,2,2,0,0,0,0
ID_694,0,0,2,0,1,0,0,0,0,1
ID_695,1,2,1,0,1,1,0,0,0,1
ID_696,1,2,2,0,1,2,0,0,0,1
ID_697,0,0,2,0,0,2,0,0,0,0
ID_698,0,2,1,0,2,1,0,0,0,1
ID_699,1,2,1,0,2,2,0,0,1,1
ID_700,2,0,1,0,1,0,1,0,0,0
ID_701,2,1,1,0,0,2,0,0,0,1
ID_702,0,1,2,0,0,0,0,0,0,2
ID_703,2,2,2,0,2,2,0,0,1,0
ID_704,0,2,1,0,2,1,0,0,0,1
ID_705,2,1,2,0,2,1,0,0,0,1
ID_706,0,2,2,0,2,0,0,0,0,2
ID_707,0,0,2,0,1,0,0,0,1,1
ID_708,0,2,2,0,2,0,0,0,0,0
ID_709,2,0,2,0,2,2,0,0,0,0
ID_710,1,2,2,1,1,1,0,0,0,0
ID_711,1,1,1,0,2,1,0,0,1,1
ID_712,0,2,1,1,1,1,0,0,0,1
ID_713,2,1,2,0,1,1,0,0,1,1
ID_714,0,1,2,0,2,0,0,0,0,1
ID_715,1,2,1,0,1,0,0,0,0,0
ID_716,2,1,2,1,0,1,0,0,0,1
ID_717,2,1,2,0,1,1,0,0,0,0
ID_718,2,1,1,0,2,1,0,0,1,0
ID_719,0,1,1,0,1,1,0,0,0,0
ID_720,0,0,2,0,2,1,0,0,2,2
ID_721,0,0,2,0,1,0,0,0,0,1
ID_722,1,2,1,0,1,0,0,0,0,1
ID_723,1,1,1,0,0,0,0,0,0,0
ID_724,2,1,2,0,0,1,0,0,1,0
ID_725,2,2,2,0,1,2,0,0,1,0
ID_726,0,2,2,0,1,1,0,0,1,0
ID_727,2,1,2,0,1,1,1,0,0,1
ID_728,0,1,2,0,0,2,0,0,0,2
ID_729,1,2,1,0,1,2,0,0,2,2
ID_730,1,2,1,0,1,0,1,0,0,2
ID_731,1,1,2,0,1,0,0,0,0,2
ID_732,1,2,2,0,1,1,0,0,0,1
ID_733,1,1,2,1,0,1,0,0,0,0
ID_734,1,1,2,0,1,1,0,0,0,0
ID_735,1,1,2,0,2,1,1,0,1,1
ID_736,2,2,2,0,1,2,0,0,0,1
ID_737,1,1,1,0,1,1,0,0,0,1
ID_738,0,1,2,0,2,2,0,0,0,1
ID_739,0,1,1,0,2,1,0,0,0,0
ID_740,2,2,0,0,2,0,0,0,1,0
ID_741,1,2,2,0,0,1,0,0,0,2
ID_742,1,1,2,0,2,0,0,0,1,0
ID_743,1,0,2,0,2,1,0,0,1,1
ID_744,1,1,2,0,1,2,0,0,0,0
ID_745,2,2,2,0,1,2,0,0,0,2
ID_746,1,1,1,0,2,1,0,0,1,1
ID_747,2,2,1,0,0,0,0,0,0,0
ID_748,1,2,2,0,1,1,0,0,1,0
ID_749,1,1,2,0,2,2,0,0,1,0
ID_750,2,1,1,0,0,1,0,0,0,0
ID_751,1,1,1,0,1,2,0,0,0,1
ID_752,1,2,2,0,1,1,0,1,0,1
ID_753,0,0,0,0,0,1,0,0,0,0
ID_754,1,1,2,0,2,2,0,0,0,1
ID_755,0,0,2,0,2,1,0,0,1,2
ID_756,1,1,2,0,1,1,1,0,0,0
ID_757,2,1,2,0,2,1,0,0,0,1
ID_758,1,1,2,0,1,1,0,0,0,1
ID_759,1,2,2,0,1,2,0,0,0,1
ID_760,1,1,2,0,2,0,0,0,0,1
ID_761,1,2,2,0,0,1,0,0,1,1
ID_762,1,1,2,0,2,1,0,0,1,0
ID_763,2,0,2,1,1,0,0,0,0,1
ID_764,2,1,1,0,1,0,0,0,0,0
ID_765,1,2,1,0,2,0,0,0,0,1
ID_766,0,0,2,0,1,0,0,0,0,0
ID_767,1,2,2,0,0,1,0,0,0,1
ID_768,1,2,2,0,1,2,0,0,0,2
ID_769,2,1,0,0,1,1,0,0,0,1
ID_770,1,2,2,0,1,2,0,0,0,0
ID_771,1,0,1,0,1,0,0,0,0,1
ID_772,1,1,2,1,2,0,0,0,0,1
ID_773,1,1,1,0,1,0,0,0,0,0
ID_774,1,1,1,0,2,1,0,0,0,1
ID_775,1,1,2,0,2,1,0,0,0,2
ID_776,2,1,1,0,1,0,0,0,0,1
ID_777,1,0,2,0,1,0,0,0,0,1
ID_778,0,0,2,0,2,2,0,0,0,0
ID_779,0,2,1,0,1,2,0,0,0,1
ID_780,0,2,2,0,1,1,0,0,1,0
ID_781,1,0,2,0,2,0,0,0,0,1
ID_782,2,2,2,1,1,2,0,1,0,0
ID_783,1,1,2,0,1,1,0,0,1,0
ID_784,0,1,2,0,2,0,0,0,0,0
ID_785,0,1,2,0,1,1,0,0,0,2
ID_786,0,1,2,0,2,1,0,0,1,1
ID_787,0,2,2,0,2,1,0,0,0,0
ID_788,1,1,2,0,1,2,0,0,1,0
ID_789,1,1,2,0,1,2,0,0,0,0
ID_790,2,2,2,0,2,0,0,0,1,2
ID_791,0,1,2,0,1,1,0,0,0,2
ID_792,1,1,2,0,2,0,0,0,1,0
ID_793,1,0,2,0,2,1,0,0,0,1
ID_794,1,1,2,0,1,0,0,0,0,0
ID_795,2,0,2,0,2,2,0,0,0,1
ID_796,1,1,1,0,1,2,0,0,1,1
ID_797,1,1,2,0,1,1,0,0,1,1
ID_798,1,1,1,0,2,2,0,0,0,1
ID_799,0,1,2,0,1,0,0,0,0,1
ID_800,1,0,2,0,0,1,0,0,0,0
ID_801,2,0,2,0,1,1,0,0,0,0
ID_802,1,0,2,0,2,0,0,0,0,1
ID_803,1,2,2,0,1,0,0,0,0,2
ID_804,1,1,2,0,1,2,0,0,1,1
ID_805,0,0,2,0,0,0,0,0,1,1
ID_806,1,1,1,0,0,1,0,0,0,1
ID_807,1,0,2,0,2,1,0,0,0,0
ID_808,1,1,2,0,1,1,0,0,1,2
ID_809,1,2,2,0,1,1,0,0,0,1
ID_810,1,2,1,0,1,1,1,0,0,0
ID_811,0,1,2,0,1,1,0,0,1,0
ID_812,2,1,1,0,0,1,1,0,1,0
ID_813,0,1,1,0,1,1,0,0,0,1
ID_814,2,2,2,0,1,0,0,0,0,0
ID_815,0,1,2,0,2,1,0,0,0,0
ID_816,2,1,1,0,0,1,0,0,0,0
ID_817,2,1,2,0,2,1,0,0,1,1
ID_818,0,2,2,0,2,1,0,0,0,1
ID_819,0,0,1,0,2,0,0,0,1,0
ID_820,1,1,2,1,1,2,0,0,0,1
ID_821,2,0,1,0,1,2,0,0,0,2
ID_822,2,1,2,1,2,2,0,0,0,0
ID_823,2,1,2,0,0,0,0,0,1,1
ID_824,1,1,2,0,1,0,0,0,0,0
ID_825,0,0,1,0,1,2,0,0,1,0
ID_826,0,0,1,0,1,1,0,0,0,1
ID_827,0,1,0,0,0,1,0,0,1,2
ID_828,0,1,2,0,1,0,0,0,0,2
ID_829,1,1,2,0,2,2,0,0,1,0
ID_830,1,1,2,0,1,2,0,0,2,1
ID_831,0,1,2,0,1,1,0,0,0,1
ID_832,0,1,2,0,2,1,0,0,0,0
ID_833,1,2,2,0,1,2,0,0,1,0
ID_834,0,1,1,0,2,2,0,0,0,0
ID_835,1,1,1,0,0,2,0,0,0,1
ID_836,1,1,2,0,1,1,0,0,0,1
ID_837,1,2,2,0,1,0,0,0,0,2
ID_838,0,1,2,0,2,2,0,0,0,1
ID_839,0,0,1,0,1,0,0,0,0,0
ID_840,1,2,2,0,2,1,0,0,1,2
ID_841,1,1,2,0,1,2,0,0,0,1
ID_842,1,2,2,0,1,2,0,0,0,1
ID_843,0,1,2,0,1,1,0,0,0,1
ID_844,0,1,2,0,1,1,0,0,0,1
ID_845,1,1,1,0,1,0,0,0,0,1
ID_846,0,1,2,0,2,1,0,0,1,1
ID_847,1,1,1,0,2,1,0,0,1,1
ID_848,0,0,1,0,1,0,0,0,0,0
ID_849,0,1,2,0,1,1,0,0,0,0
ID_850,1,2,2,0,1,0,0,0,0,1
ID_851,1,1,2,0,1,0,0,0,0,0
ID_852,0,1,2,0,2,2,0,0,0,0
ID_853,2,2,2,0,2,1,0,0,0,0
ID_854,1,2,1,0,1,1,0,0,0,1
ID_855,0,0,2,0,2,2,0,0,0,1
ID_856,0,0,2,0,1,2,0,0,0,0
ID_857,1,1,2,0,2,0,0,0,0,1
ID_858,0,2,1,0,2,1,0,0,0,1
ID_859,1,2,2,0,0,2,0,0,0,1
ID_860,1,0,2,0,1,0,0,0,0,1
ID_861,1,0,2,0,2,1,0,0,1,1
ID_862,1,2,2,0,1,0,0,0,1,0
ID_863,1,1,1,0,0,0,0,0,0,1
ID_864,2,0,2,0,2,0,0,0,0,1
ID_865,1,1,2,0,2,2,0,0,1,0
ID_866,2,1,2,0,1,0,0,0,0,1
ID_867,1,2,2,0,0,0,0,0,0,1
ID_868,2,0,2,0,1,1,0,0,0,0
ID_869,1,1,2,0,2,2,0,0,0,1
ID_870,0,1,1,0,1,1,0,0,0,2
ID_871,2,2,2,0,1,0,0,0,0,0
ID_872,0,2,2,0,2,2,0,0,0,0
ID_873,0,1,1,0,1,1,0,0,0,1
ID_874,2,1,2,0,0,2,0,1,1,1
ID_875,1,1,1,0,1,1,0,0,0,1
ID_876,1,1,2,0,1,2,0,0,1,0
ID_877,1,0,2,0,0,0,0,0,1,1
ID_878,0,0,1,0,1,1,0,0,0,0
ID_879,2,1,2,0,2,1,1,0,0,1
ID_880,0,1,2,0,2,1,0,0,0,0
ID_881,1,2,2,0,0,1,0,0,0,0
ID_882,0,1,0,0,1,0,0,0,2,0
ID_883,2,0,2,0,0,1,0,0,0,2
ID_884,1,1,1,0,1,0,0,0,0,1
ID_885,1,1,1,0,1,2,0,0,0,2
ID_886,1,1,1,0,1,0,0,0,0,0
ID_887,1,1,2,0,1,0,0,0,0,1
ID_888,0,1,2,0,1,1,0,0,0,0
ID_889,1,0,2,0,2,0,0,0,0,1
ID_890,0,2,2,0,0,0,0,0,0,1
ID_891,1,1,2,0,1,1,0,0,0,0
ID_892,2,2,2,0,1,0,0,0,0,1
ID_893,1,0,2,0,0,1,0,0,0,0
ID_894,1,1,2,0,1,1,0,0,1,0
ID_895,0,2,2,0,2,1,0,0,1,0
ID_896,1,1,2,0,2,0,0,0,0,1
ID_897,1,1,2,0,2,0,0,0,1,0
ID_898,2,1,2,0,1,0,0,0,0,0
ID_899,0,2,2,0,0,0,0,0,0,0
ID_900,1,2,2,1,2,1,0,0,0,0
ID_901,2,2,2,0,2,2,0,0,0,0
ID_902,1,1,2,0,0,0,0,0,0,0
ID_903,1,0,1,0,1,2,0,0,0,1
ID_904,1,1,2,0,0,1,0,0,0,0
ID_905,1,0,2,0,1,1,0,0,1,0
ID_906,2,2,1,0,2,1,0,0,1,1
ID_907,1,1,2,0,1,2,0,0,0,1
ID_908,0,1,2,0,1,1,0,0,0,0
ID_909,0,1,1,0,0,2,0,0,0,0
ID_910,1,0,2,0,1,0,0,0,1,1
ID_911,1,2,2,0,1,0,0,0,0,1
ID_912,1,1,2,0,1,2,0,0,1,0
ID_913,0,1,2,0,1,1,0,0,1,0
ID_914,0,2,2,0,0,1,0,0,0,0
ID_915,0,1,2,0,1,2,0,0,1,0
ID_916,0,1,2,0,1,1,0,0,1,1
ID_917,2,1,1,0,0,0,0,0,0,0
ID_918,1,1,2,0,0,1,0,0,1,1
ID_919,1,2,2,0,1,1,0,0,0,1
ID_920,0,0,1,0,0,0,0,0,0,1
ID_921,1,1,2,0,0,1,0,0,0,0
ID_922,2,2,2,0,1,0,0,0,0,0
ID_923,2,2,2,0,1,1,0,0,0,0
ID_924,0,2,2,0,0,0,0,0,0,1
ID_925,2,1,2,0,1,2,0,0,0,0
ID_926,2,2,2,0,1,0,0,0,0,1
ID_927,2,1,2,0,1,0,0,0,0,0
ID_928,0,1,2,0,1,2,0,0,0,0
ID_929,0,2,2,0,2,0,0,0,0,1
ID_930,1,2,2,0,1,0,0,0,1,1
ID_931,0,1,1,0,2,1,0,0,0,1
ID_932,0,1,2,0,2,1,0,0,1,0
ID_933,0,0,2,0,0,2,0,0,1,0
ID_934,1,2,2,0,1,1,0,0,0,2
ID_935,0,2,2,0,2,2,1,0,0,0
ID_936,1,1,2,0,1,1,0,0,1,1
ID_937,2,1,2,0,2,0,0,0,0,0
ID_938,2,0,2,0,1,1,0,0,0,0
ID_939,2,1,2,1,2,0,0,0,0,0
ID_940,2,1,2,0,2,0,0,0,0,1
ID_941,0,1,2,0,1,1,0,0,0,1
ID_942,1,2,2,0,2,1,0,0,0,2
ID_943,1,0,2,0,1,0,0,0,1,0
ID_944,0,2,2,0,1,1,0,0,1,0
ID_945,1,0,2,0,2,2,0,0,2,0
ID_946,0,2,2,0,2,2,0,0,1,2
ID_947,1,0,2,0,0,2,0,0,0,1
ID_948,0,1,2,0,1,0,0,0,0,1
ID_949,0,1,1,0,2,1,0,0,1,0
ID_950,2,1,1,0,1,0,0,0,1,1
ID_951,0,2,1,0,2,2,0,0,0,2
ID_952,1,2,2,0,2,2,0,0,0,0
ID_953,1,2,2,0,1,0,0,0,0,1
ID_954,1,0,1,0,2,2,0,0,1,0
ID_955,1,1,2,0,2,1,0,0,0,1
ID_956,2,2,2,0,2,0,0,0,0,1
ID_957,0,1,2,0,0,1,0,0,0,1
ID_958,2,0,2,0,1,1,0,0,2,0
ID_959,2,1,2,0,0,0,0,0,0,0
ID_960,0,1,2,0,0,2,0,0,0,1
ID_961,1,2,2,0,2,0,0,0,0,0
ID_962,1,0,2,0,1,0,0,0,0,0
ID_963,1,1,2,0,1,1,0,0,0,1
ID_964,0,1,2,0,0,1,0,0,1,0
ID_965,1,2,2,0,1,2,0,1,1,1
ID_966,1,2,2,0,2,1,0,0,0,1
ID_967,1,2,1,0,2,0,0,0,1,0
ID_968,0,1,2,0,2,2,0,0,0,1
ID_969,1,2,1,0,1,1,1,0,1,1
ID_970,1,2,2,0,1,2,1,0,2,0
ID_971,1,2,2,0,0,1,0,0,0,1
ID_972,1,2,2,0,2,2,0,0,0,0
ID_973,1,2,2,0,1,0,0,0,0,1
ID_974,0,1,2,0,2,1,0,1,1,2
ID_975,1,1,2,0,2,1,0,0,0,1
ID_976,1,2,1,0,1,1,0,0,0,2
ID_977,1,1,2,0,2,1,0,0,1,1
ID_978,1,1,2,0,2,0,0,0,0,0
ID_979,0,0,2,0,0,1,0,0,0,0
ID_980,2,0,2,0,2,1,0,0,0,1
ID_981,1,2,2,0,1,1,0,0,0,1
ID_982,0,2,1,0,1,1,0,0,0,0
ID_983,1,2,2,0,1,0,0,1,0,0
ID_984,1,2,2,0,2,0,0,0,0,1
ID_985,1,1,1,0,1,0,0,0,0,0
ID_986,0,2,2,0,0,0,0,0,1,0
ID_987,1,1,1,0,1,0,0,0,1,1
ID_988,1,1,2,0,1,0,0,0,0,0
ID_989,0,0,2,0,1,1,0,0,0,0
ID_990,0,2,2,0,1,0,0,0,0,1
ID_991,1,2,2,0,2,1,0,0,0,1
ID_992,1,0,2,0,2,0,0,0,1,1
ID_993,1,2,2,0,1,2,0,0,0,0
ID_994,0,0,2,0,1,1,0,0,1,0
ID_995,1,2,2,0,2,1,0,0,0,1
ID_996,2,2,2,0,0,0,0,0,2,1
ID_997,0,1,1,0,2,1,0,0,0,0
ID_998,2,1,2,0,1,0,0,0,0,0
ID_999,1,1,2,0,1,1,1,0,0,1
ID_1000,0,1,2,0,1,1,0,0,0,1
